#
# A fatal error has been detected by the Java Runtime Environment:
#
#  EXCEPTION_ACCESS_VIOLATION (0xc0000005) at pc=0x00007fff2ae2e6f6, pid=864, tid=16160
#
# JRE version: Java(TM) SE Runtime Environment (25.0.2+10) (build 25.0.2+10-LTS-69)
# Java VM: Java HotSpot(TM) 64-Bit Server VM (25.0.2+10-LTS-69, mixed mode, sharing, tiered, compressed oops, compressed class ptrs, g1 gc, windows-amd64)
# Problematic frame:
# C  [awt.dll+0xde6f6]
#
# No core dump will be written. Minidumps are not enabled by default on client versions of Windows
#
# If you would like to submit a bug report, please visit:
#   https://bugreport.java.com/bugreport/crash.jsp
# The crash happened outside the Java Virtual Machine in native code.
# See problematic frame for where to report the bug.
#

---------------  S U M M A R Y ------------

Command Line: Main

Host: 13th Gen Intel(R) Core(TM) i5-1334U, 12 cores, 15G,  Windows 11 , 64 bit Build 26100 (10.0.26100.8328)
Time: Thu Jun  4 15:05:15 2026 Hora oficial do Brasil elapsed time: 381.873630 seconds (0d 0h 6m 21s)

---------------  T H R E A D  ---------------

Current thread (0x000001ed653ee960):  JavaThread "AWT-EventQueue-0"        [_thread_in_native, id=16160, stack(0x0000004976700000,0x0000004976800000) (1024K)]

Stack: [0x0000004976700000,0x0000004976800000],  sp=0x00000049767fee30,  free space=1019k
Native frames: (J=compiled Java code, j=interpreted, Vv=VM code, C=native code)
C  [awt.dll+0xde6f6]  (no source info available)
C  [awt.dll+0xdffe2]  (no source info available)
C  0x000001ed50cbd193  (no source info available)

The last pc belongs to native method entry point (kind = native) (printed below).
Java frames: (J=compiled Java code, j=interpreted, Vv=VM code)
j  sun.awt.Win32GraphicsDevice.initNativeScale(I)V+0 java.desktop@25.0.2
j  sun.awt.Win32GraphicsDevice.initScaleFactors()V+60 java.desktop@25.0.2
j  sun.awt.Win32GraphicsDevice.displayChanged()V+16 java.desktop@25.0.2
j  sun.awt.Win32GraphicsEnvironment.displayChanged()V+271 java.desktop@25.0.2
j  sun.awt.windows.WToolkit.lambda$displayChanged$0()V+15 java.desktop@25.0.2
j  sun.awt.windows.WToolkit$$Lambda+0x000000000e169520.run()V+0 java.desktop@25.0.2
J 1150 c1 java.awt.event.InvocationEvent.dispatch()V java.desktop@25.0.2 (69 bytes) @ 0x000001ed49913414 [0x000001ed49913200+0x0000000000000214]
J 1059 c1 java.awt.EventQueue.dispatchEventImpl(Ljava/awt/AWTEvent;Ljava/lang/Object;)V java.desktop@25.0.2 (139 bytes) @ 0x000001ed498d2a04 [0x000001ed498d1180+0x0000000000001884]
J 1058 c1 java.awt.EventQueue.dispatchEvent(Ljava/awt/AWTEvent;)V java.desktop@25.0.2 (48 bytes) @ 0x000001ed498d0e4c [0x000001ed498d0c00+0x000000000000024c]
J 1060 c1 java.awt.EventDispatchThread.pumpOneEventForFilters(I)V java.desktop@25.0.2 (106 bytes) @ 0x000001ed498d4614 [0x000001ed498d3e00+0x0000000000000814]
j  java.awt.EventDispatchThread.pumpEventsForFilter(ILjava/awt/Conditional;Ljava/awt/EventFilter;)V+35 java.desktop@25.0.2
j  java.awt.EventDispatchThread.pumpEventsForHierarchy(ILjava/awt/Conditional;Ljava/awt/Component;)V+11 java.desktop@25.0.2
j  java.awt.EventDispatchThread.pumpEvents(ILjava/awt/Conditional;)V+4 java.desktop@25.0.2
j  java.awt.EventDispatchThread.pumpEvents(Ljava/awt/Conditional;)V+3 java.desktop@25.0.2
j  java.awt.EventDispatchThread.run()V+9 java.desktop@25.0.2
v  ~StubRoutines::call_stub 0x000001ed50cb12ed

siginfo: EXCEPTION_ACCESS_VIOLATION (0xc0000005), reading address 0x00000bba00000051


Registers:
RAX=0x00000bba00000001, RBX=0x000001ed6558eea0, RCX=0x00000bba00000001, RDX=0x0000000000000000
RSP=0x00000049767fee30, RBP=0x00000049767fef10, RSI=0x0000000000000000, RDI=0x0000000000000000
R8 =0x0000000000000001, R9 =0x0000004974cf8000, R10=0x000001ed50cbd233, R11=0x0000000000000100
R12=0x0000000000000000, R13=0x000001ed61241558, R14=0x00000049767fef38, R15=0x000001ed653ee960
RIP=0x00007fff2ae2e6f6, EFLAGS=0x0000000000010206

XMM[0]=0x0000000000000000 0x0000000000000000
XMM[1]=0x0000000000000000 0x00000000bf800000
XMM[2]=0x0000000000000000 0x0000000000000000
XMM[3]=0x0000000000000000 0x0000000000000000
XMM[4]=0x0000000000000000 0x0000000000000000
XMM[5]=0x0000000000000000 0x0000000000000000
XMM[6]=0x0000000000000000 0x4054000000000000
XMM[7]=0x0000000000000000 0x0000000000000000
XMM[8]=0x0000000000000000 0x0000000000000000
XMM[9]=0x0000000000000000 0x4040000000000000
XMM[10]=0x0000000000000000 0x0000000000000000
XMM[11]=0x0000000000000000 0x0000000000000000
XMM[12]=0x0000000000000000 0x0000000000000000
XMM[13]=0x0000000000000000 0x0000000000000000
XMM[14]=0x0000000000000000 0x0000000000000000
XMM[15]=0x0000000000000000 0x0000000000000000
  MXCSR=0x00001fa2


Register to memory mapping:

RAX=0x00000bba00000001 is an unknown value
RBX=0x000001ed6558eea0 points into unknown readable memory: 0x000001ed65587d40 | 40 7d 58 65 ed 01 00 00
RCX=0x00000bba00000001 is an unknown value
RDX=0x0 is null
RSP=0x00000049767fee30 is pointing into the stack for thread: 0x000001ed653ee960
RBP=0x00000049767fef10 is pointing into the stack for thread: 0x000001ed653ee960
RSI=0x0 is null
RDI=0x0 is null
R8 =0x0000000000000001 is an unknown value
R9 =0x0000004974cf8000 points into unknown readable memory: 0x0000000000000000 | 00 00 00 00 00 00 00 00
R10=0x000001ed50cbd233 is at code_begin+1139 in an Interpreter codelet
native method entry point (kind = native)  [0x000001ed50cbcdc0, 0x000001ed50cbd8b8]  2808 bytes
R11=0x0000000000000100 is an unknown value
R12=0x0 is null
R13={method} {0x000001ed61241560} 'initNativeScale' '(I)V' in 'sun/awt/Win32GraphicsDevice'
R14=0x00000049767fef38 is pointing into the stack for thread: 0x000001ed653ee960
R15=0x000001ed653ee960 is a thread

Top of Stack: (sp=0x00000049767fee30)
0x00000049767fee30:   000001ed6558eea0 000000000000000a   ..Xe............
0x00000049767fee40:   00000049767fee60 000001ed6558eea0   `..vI.....Xe....
0x00000049767fee50:   000001ed6558eea0 00007fff2ae2ffe2   ..Xe.......*....
0x00000049767fee60:   00007fff2ae8c838 000001ed61241558   8..*....X.$a....
0x00000049767fee70:   00000049767fef90 000001ed50cc83f9   ...vI......P....
0x00000049767fee80:   000001ed50cb8cb2 000001ed50cbd193   ...P.......P....
0x00000049767fee90:   000001ed61241558 00000049767fefe8   X.$a.......vI...
0x00000049767feea0:   00000049767fef90 000001ed50cb8cb2   ...vI......P....
0x00000049767feeb0:   0000000000000000 00007fff0fc41dad   ................
0x00000049767feec0:   00000049767ff000 fffffffffffffff7   ...vI...........
0x00000049767feed0:   0000000000000000 0000000000000005   ................
0x00000049767feee0:   000001ed61244b00 0000000000000000   .K$a............
0x00000049767feef0:   00000007156f0be0 000001ed61241558   ..o.....X.$a....
0x00000049767fef00:   0000000000000000 00000049767fef30   ........0..vI...
0x00000049767fef10:   00000049767fef88 000001ed50cb8b18   ...vI......P....
0x00000049767fef20:   0000000000000000 000001ed50cba757   ........W..P....
0x00000049767fef30:   0000000000000000 0000000715227e70   ........p~".....
0x00000049767fef40:   fffffffffffffff7 000001ed61241bbc   ..........$a....
0x00000049767fef50:   0000000000000002 000001ed61244b00   .........K$a....
0x00000049767fef60:   0000000000000000 00000007156f0be0   ..........o.....
0x00000049767fef70:   000001ed61241c08 fffffffffffffff5   ..$a............
0x00000049767fef80:   00000049767fef98 00000049767fefe8   ...vI......vI...
0x00000049767fef90:   000001ed50cb8b18 0000000715227e70   ...P....p~".....
0x00000049767fefa0:   fffffffffffffff7 000001ed61243378   ........x3$a....
0x00000049767fefb0:   0000000000000003 000001ed61244b00   .........K$a....
0x00000049767fefc0:   0000000000000000 00000007156f0be0   ..........o.....
0x00000049767fefd0:   000001ed612433c0 fffffffffffffff6   .3$a............
0x00000049767fefe0:   00000049767ff000 00000049767ff050   ...vI...P..vI...
0x00000049767feff0:   000001ed50cb8b18 0000000000000000   ...P............
0x00000049767ff000:   0000000715227e70 fffffffffffffff7   p~".............
0x00000049767ff010:   000001ed6119ce87 0000000000000008   ...a............
0x00000049767ff020:   000001ed611a10b0 0000000000000000   ...a............

Instructions: (pc=0x00007fff2ae2e6f6)
  0x00007fff2ae2e5f6:   11 45 d4 0f 11 45 e4 0f 11 45 f4 89 45 04 c7 45
  0x00007fff2ae2e606:   a0 68 00 00 00 0f 11 44 24 34 0f 11 44 24 44 0f
  0x00007fff2ae2e616:   11 44 24 54 0f 11 44 24 64 0f 11 44 24 74 0f 11
  0x00007fff2ae2e626:   45 84 89 45 94 c7 44 24 30 68 00 00 00 48 8d 55
  0x00007fff2ae2e636:   a0 49 8b ce ff 15 50 73 06 00 85 c0 74 41 48 8d
  0x00007fff2ae2e646:   54 24 30 48 8b ce ff 15 3e 73 06 00 85 c0 74 2f
  0x00007fff2ae2e656:   48 8d 54 24 34 48 8d 4d a4 ff 15 73 72 06 00 85
  0x00007fff2ae2e666:   c0 74 1c 48 8d 54 24 44 48 8d 4d b4 ff 15 60 72
  0x00007fff2ae2e676:   06 00 85 c0 74 09 8b 44 24 54 39 45 c4 74 11 ff
  0x00007fff2ae2e686:   c7 3b 7b 0c 0f 8c 40 ff ff ff 8b 3d 9a ad 06 00
  0x00007fff2ae2e696:   48 8b cb e8 d2 9e f4 ff 90 8b c7 48 8b 4d 10 48
  0x00007fff2ae2e6a6:   33 cc e8 03 fa 00 00 4c 8d 9c 24 20 01 00 00 49
  0x00007fff2ae2e6b6:   8b 5b 28 49 8b 73 30 49 8b e3 41 5e 5f 5d c3 cc
  0x00007fff2ae2e6c6:   cc cc cc cc cc cc cc cc cc cc 48 8b 41 08 48 8b
  0x00007fff2ae2e6d6:   80 18 0c 00 00 c3 cc cc cc cc 48 8b 41 08 48 05
  0x00007fff2ae2e6e6:   00 04 00 00 c3 cc cc cc cc cc 40 53 48 83 ec 20
=>0x00007fff2ae2e6f6:   83 79 50 00 48 8b d9 75 56 48 8b 49 28 4c 8d 44
  0x00007fff2ae2e706:   24 38 48 8d 54 24 30 c7 44 24 30 00 00 80 bf c7
  0x00007fff2ae2e716:   44 24 38 00 00 80 bf e8 ee d7 00 00 f3 0f 10 54
  0x00007fff2ae2e726:   24 30 0f 57 c0 0f 2f d0 76 25 f3 0f 10 4c 24 38
  0x00007fff2ae2e736:   0f 2f c8 76 1a f3 0f 5e 15 f9 95 02 00 f3 0f 5e
  0x00007fff2ae2e746:   0d f1 95 02 00 f3 0f 11 53 48 f3 0f 11 4b 4c 48
  0x00007fff2ae2e756:   83 c4 20 5b c3 cc cc cc cc cc 48 89 5c 24 10 48
  0x00007fff2ae2e766:   89 74 24 18 48 89 7c 24 20 41 56 48 83 ec 40 48
  0x00007fff2ae2e776:   8b d9 48 83 79 18 00 75 14 b9 28 04 00 00 e8 b7
  0x00007fff2ae2e786:   8d 00 00 48 89 43 18 c7 00 28 00 00 00 48 8b 43
  0x00007fff2ae2e796:   18 45 33 f6 66 44 89 70 0e 48 8b 4b 28 e8 68 03
  0x00007fff2ae2e7a6:   00 00 48 8b f8 ba 01 00 00 00 44 8b c2 48 8b c8
  0x00007fff2ae2e7b6:   ff 15 74 6e 06 00 48 8b f0 44 89 74 24 30 48 8b
  0x00007fff2ae2e7c6:   4b 18 48 89 4c 24 28 4c 89 74 24 20 41 b9 01 00
  0x00007fff2ae2e7d6:   00 00 45 33 c0 48 8b d0 48 8b cf ff 15 69 6d 06
  0x00007fff2ae2e7e6:   00 48 8b 53 30 48 8b 0b 83 79 04 08 0f 8e 0f 02


Stack slot to memory mapping:

stack at sp + 0 slots: 0x000001ed6558eea0 points into unknown readable memory: 0x000001ed65587d40 | 40 7d 58 65 ed 01 00 00
stack at sp + 1 slots: 0x000000000000000a is an unknown value
stack at sp + 2 slots: 0x00000049767fee60 is pointing into the stack for thread: 0x000001ed653ee960
stack at sp + 3 slots: 0x000001ed6558eea0 points into unknown readable memory: 0x000001ed65587d40 | 40 7d 58 65 ed 01 00 00
stack at sp + 4 slots: 0x000001ed6558eea0 points into unknown readable memory: 0x000001ed65587d40 | 40 7d 58 65 ed 01 00 00
stack at sp + 5 slots: 0x00007fff2ae2ffe2 awt.dll
stack at sp + 6 slots: 0x00007fff2ae8c838 awt.dll
stack at sp + 7 slots: {method} {0x000001ed61241560} 'initNativeScale' '(I)V' in 'sun/awt/Win32GraphicsDevice'

Lock stack of current Java thread (top to bottom):

native method entry point (kind = native)  [0x000001ed50cbcdc0, 0x000001ed50cbd8b8]  2808 bytes
[MachCode]
  0x000001ed50cbcdc0: 488b 4b08 | 0fb7 492e | 584c 8d74 | ccf8 6800 | 0000 0068 | 0000 0000 | 5055 488b | ec41 5548 
  0x000001ed50cbcde0: 8b43 084c | 8d68 3848 | 8b40 0868 | 0000 0000 | 5348 8b50 | 1848 8b52 | 7048 8b12 | 5248 8b53 
  0x000001ed50cbce00: 1048 85d2 | 7407 4881 | c2d0 0000 | 0052 488b | 5010 5249 | 8bc6 482b | c548 c1e8 | 0350 6800 
  0x000001ed50cbce20: 0000 0068 | f7ff ffff | 41c6 87f1 | 0400 0001 | 488b 4310 | 4885 c074 | 208b 8890 | 0000 0083 
  0x000001ed50cbce40: c102 8988 | 9000 0000 | 2388 a400 | 0000 0f84 | b209 0000 | e9cf 0000 | 0048 8b43 | 1848 85c0 
  0x000001ed50cbce60: 0f85 b000 | 0000 e805 | 0000 00e9 | 9900 0000 | 488b d348 | 8d44 2408 | 4c89 6dc0 | 498b cfc5 
  0x000001ed50cbce80: f877 4989 | af38 0400 | 0049 8987 | 2804 0000 | 4883 ec20 | 40f6 c40f | 0f84 1900 | 0000 4883 
  0x000001ed50cbcea0: ec08 48b8 | 4022 960f | ff7f 0000 | ffd0 4883 | c408 e90c | 0000 0048 | b840 2296 | 0fff 7f00 
  0x000001ed50cbcec0: 00ff d048 | 83c4 2049 | c787 2804 | 0000 0000 | 0000 49c7 | 8738 0400 | 0000 0000 | 0049 c787 
  0x000001ed50cbcee0: 3004 0000 | 0000 0000 | c5f8 7749 | 837f 0800 | 0f84 0500 | 0000 e9e5 | 42ff ff4c | 8b6d c04c 
  0x000001ed50cbcf00: 8b75 c84e | 8d74 f500 | c348 8b43 | 1848 85c0 | 0f84 1200 | 0000 8b48 | 0883 c102 | 8948 0823 
  0x000001ed50cbcf20: 482c 0f84 | de08 0000 | 493b a770 | 0500 000f | 8748 0000 | 0089 8424 | 00f0 ffff | 8984 2400 
  0x000001ed50cbcf40: e0ff ff89 | 8424 00d0 | ffff 8984 | 2400 c0ff | ff89 8424 | 00b0 ffff | 8984 2400 | a0ff ff89 
  0x000001ed50cbcf60: 8424 0090 | ffff 8984 | 2400 80ff | ff49 3ba7 | 6805 0000 | 7607 4989 | a770 0500 | 0041 c687 
  0x000001ed50cbcf80: f104 0000 | 0048 8b5d | e84c 8b5b | 0845 0fb7 | 5b2e 41c1 | e303 492b | e348 83ec | 2048 83e4 
  0x000001ed50cbcfa0: f04c 8b5b | 604d 85db | 0f85 ab00 | 0000 e805 | 0000 00e9 | 9900 0000 | 488b d348 | 8d44 2408 
  0x000001ed50cbcfc0: 4c89 6dc0 | 498b cfc5 | f877 4989 | af38 0400 | 0049 8987 | 2804 0000 | 4883 ec20 | 40f6 c40f 
  0x000001ed50cbcfe0: 0f84 1900 | 0000 4883 | ec08 48b8 | 704b 960f | ff7f 0000 | ffd0 4883 | c408 e90c | 0000 0048 
  0x000001ed50cbd000: b870 4b96 | 0fff 7f00 | 00ff d048 | 83c4 2049 | c787 2804 | 0000 0000 | 0000 49c7 | 8738 0400 
  0x000001ed50cbd020: 0000 0000 | 0049 c787 | 3004 0000 | 0000 0000 | c5f8 7749 | 837f 0800 | 0f84 0500 | 0000 e99d 
  0x000001ed50cbd040: 41ff ff4c | 8b6d c04c | 8b75 c84e | 8d74 f500 | c348 8b5d | e84c 8b5b | 6041 ffd3 | 488b 5de8 
  0x000001ed50cbd060: 4889 4518 | 440f b75b | 2c41 f6c3 | 080f 841b | 0000 004c | 8b5b 084d | 8b5b 084d | 8b5b 184d 
  0x000001ed50cbd080: 8b5b 704d | 8b1b 4c89 | 5d10 488d | 5510 488b | 4358 49ba | 4015 d10f | ff7f 0000 | 493b c20f 
  0x000001ed50cbd0a0: 85ab 0000 | 00e8 0500 | 0000 e999 | 0000 0048 | 8bd3 488d | 4424 084c | 896d c049 | 8bcf c5f8 
  0x000001ed50cbd0c0: 7749 89af | 3804 0000 | 4989 8728 | 0400 0048 | 83ec 2040 | f6c4 0f0f | 8419 0000 | 0048 83ec 
  0x000001ed50cbd0e0: 0848 b870 | 4b96 0fff | 7f00 00ff | d048 83c4 | 08e9 0c00 | 0000 48b8 | 704b 960f | ff7f 0000 
  0x000001ed50cbd100: ffd0 4883 | c420 49c7 | 8728 0400 | 0000 0000 | 0049 c787 | 3804 0000 | 0000 0000 | 49c7 8730 
  0x000001ed50cbd120: 0400 0000 | 0000 00c5 | f877 4983 | 7f08 000f | 8405 0000 | 00e9 a640 | ffff 4c8b | 6dc0 4c8b 
  0x000001ed50cbd140: 75c8 4e8d | 74f5 00c3 | 488b 5de8 | 488b 4358 | 498d 8f48 | 0400 004c | 8d15 d500 | 0000 4d89 
  0x000001ed50cbd160: 9730 0400 | 00c5 f877 | 4989 af38 | 0400 0049 | 89a7 2804 | 0000 41c7 | 87d4 0400 | 0004 0000 
  0x000001ed50cbd180: 0049 3ba7 | c805 0000 | 7607 4989 | a7c8 0500 | 00ff d049 | 3ba7 c805 | 0000 720b | 49c7 87c8 
  0x000001ed50cbd1a0: 0500 0000 | 0000 00c5 | f877 4883 | ec10 c5fb | 1104 2448 | 83ec 1048 | 8904 2448 | c744 2408 
  0x000001ed50cbd1c0: 0000 0000 | 41c7 87d4 | 0400 0005 | 0000 00f0 | 8344 24c0 | 0049 3b6f | 280f 870e | 0000 0041 
  0x000001ed50cbd1e0: 83bf d004 | 0000 000f | 8420 0000 | 0049 8bcf | 4c8b e448 | 83ec 2048 | 83e4 f048 | b8a0 af97 
  0x000001ed50cbd200: 0fff 7f00 | 00ff d049 | 8be4 4d33 | e441 c787 | d404 0000 | 0800 0000 | 4d8b 97f0 | 0500 0049 
  0x000001ed50cbd220: 83fa 0074 | 3549 c787 | f005 0000 | 0000 0000 | 41ff e249 | ba60 becb | 50ed 0100 | 0041 ffd2 
  0x000001ed50cbd240: 4883 ec10 | c5fb 1104 | 2448 83ec | 1048 8904 | 2448 c744 | 2408 0000 | 0000 49c7 | 8728 0400 
  0x000001ed50cbd260: 0000 0000 | 0049 c787 | 3804 0000 | 0000 0000 | 49c7 8730 | 0400 0000 | 0000 00c5 | f877 4d8b 
  0x000001ed50cbd280: 9fb8 0400 | 0041 c783 | 0001 0000 | 0000 0000 | 49bb 5aa7 | cb50 ed01 | 0000 4c3b | 5d18 0f85 
  0x000001ed50cbd2a0: 5501 0000 | 488b 0424 | 4883 c410 | 4885 c00f | 842f 0100 | 00a8 030f | 8508 0000 | 0048 8b00 
  0x000001ed50cbd2c0: e91f 0100 | 00a8 010f | 8509 0000 | 0048 8b40 | fee9 0e01 | 0000 488b | 40ff 4180 | 7f48 000f 
  0x000001ed50cbd2e0: 84ff 0000 | 0048 83f8 | 000f 84f5 | 0000 004d | 8b5f 384d | 85db 0f84 | 1400 0000 | 4983 eb08 
  0x000001ed50cbd300: 4d89 5f38 | 4d03 5f40 | 4989 03e9 | d400 0000 | 4883 ec70 | 4889 0424 | 4889 4c24 | 0848 8954 
  0x000001ed50cbd320: 2410 4c89 | 4424 184c | 894c 2420 | 4c89 5424 | 284c 895c | 2430 c5fb | 1144 2440 | c5fb 114c 
  0x000001ed50cbd340: 2448 c5fb | 1154 2450 | c5fb 115c | 2458 c5fb | 1164 2460 | c5fb 116c | 2468 498b | d748 8bc8 
  0x000001ed50cbd360: 4883 ec20 | 40f6 c40f | 0f84 1900 | 0000 4883 | ec08 48b8 | 2077 8a0f | ff7f 0000 | ffd0 4883 
  0x000001ed50cbd380: c408 e90c | 0000 0048 | b820 778a | 0fff 7f00 | 00ff d048 | 83c4 20c5 | fb10 6c24 | 68c5 fb10 
  0x000001ed50cbd3a0: 6424 60c5 | fb10 5c24 | 58c5 fb10 | 5424 50c5 | fb10 4c24 | 48c5 fb10 | 4424 404c | 8b5c 2430 
  0x000001ed50cbd3c0: 4c8b 5424 | 284c 8b4c | 2420 4c8b | 4424 1848 | 8b54 2410 | 488b 4c24 | 0848 8b04 | 2448 83c4 
  0x000001ed50cbd3e0: 70c5 f877 | 4889 4510 | 4883 ec10 | 4889 0424 | 48c7 4424 | 0800 0000 | 0041 83bf | 5005 0000 
  0x000001ed50cbd400: 020f 85bf | 0000 0048 | 81ec 8000 | 0000 4889 | 4424 7848 | 894c 2470 | 4889 5424 | 6848 895c 
  0x000001ed50cbd420: 2460 4889 | 6c24 5048 | 8974 2448 | 4889 7c24 | 404c 8944 | 2438 4c89 | 4c24 304c | 8954 2428 
  0x000001ed50cbd440: 4c89 5c24 | 204c 8964 | 2418 4c89 | 6c24 104c | 8974 2408 | 4c89 3c24 | 4c8b e448 | 83ec 2048 
  0x000001ed50cbd460: 83e4 f048 | b8b0 fcd0 | 0fff 7f00 | 00ff d049 | 8be4 4c8b | 3c24 4c8b | 7424 084c | 8b6c 2410 
  0x000001ed50cbd480: 4c8b 6424 | 184c 8b5c | 2420 4c8b | 5424 284c | 8b4c 2430 | 4c8b 4424 | 3848 8b7c | 2440 488b 
  0x000001ed50cbd4a0: 7424 4848 | 8b6c 2450 | 488b 5c24 | 6048 8b54 | 2468 488b | 4c24 7048 | 8b44 2478 | 4881 c480 
  0x000001ed50cbd4c0: 0000 004d | 33e4 488b | 5de8 4c8b | 6b08 4d8d | 6d38 4983 | 7f08 000f | 84bb 0000 | 00e8 0500 
  0x000001ed50cbd4e0: 0000 e996 | 0000 0048 | 8d44 2408 | 4c89 6dc0 | 498b cfc5 | f877 4989 | af38 0400 | 0049 8987 
  0x000001ed50cbd500: 2804 0000 | 4883 ec20 | 40f6 c40f | 0f84 1900 | 0000 4883 | ec08 48b8 | b069 960f | ff7f 0000 
  0x000001ed50cbd520: ffd0 4883 | c408 e90c | 0000 0048 | b8b0 6996 | 0fff 7f00 | 00ff d048 | 83c4 2049 | c787 2804 
  0x000001ed50cbd540: 0000 0000 | 0000 49c7 | 8738 0400 | 0000 0000 | 0049 c787 | 3004 0000 | 0000 0000 | c5f8 7749 
  0x000001ed50cbd560: 837f 0800 | 0f84 0500 | 0000 e971 | 3cff ff4c | 8b6d c04c | 8b75 c84e | 8d74 f500 | c348 b968 
  0x000001ed50cbd580: 08fa 0fff | 7f00 0048 | 83e4 f048 | b800 91bd | 0fff 7f00 | 00ff d0f4 | 440f b75b | 2c41 f6c3 
  0x000001ed50cbd5a0: 200f 8472 | 0100 0048 | 8d55 a84c | 8b5a 084d | 85db 0f85 | bb00 0000 | e805 0000 | 00e9 9600 
  0x000001ed50cbd5c0: 0000 488d | 4424 084c | 896d c049 | 8bcf c5f8 | 7749 89af | 3804 0000 | 4989 8728 | 0400 0048 
  0x000001ed50cbd5e0: 83ec 2040 | f6c4 0f0f | 8419 0000 | 0048 83ec | 0848 b8e0 | 6896 0fff | 7f00 00ff | d048 83c4 
  0x000001ed50cbd600: 08e9 0c00 | 0000 48b8 | e068 960f | ff7f 0000 | ffd0 4883 | c420 49c7 | 8728 0400 | 0000 0000 
  0x000001ed50cbd620: 0049 c787 | 3804 0000 | 0000 0000 | 49c7 8730 | 0400 0000 | 0000 00c5 | f877 4983 | 7f08 000f 
  0x000001ed50cbd640: 8405 0000 | 00e9 963b | ffff 4c8b | 6dc0 4c8b | 75c8 4e8d | 74f5 00c3 | 48b9 6808 | fa0f ff7f 
  0x000001ed50cbd660: 0000 4883 | e4f0 48b8 | 0091 bd0f | ff7f 0000 | ffd0 f44c | 896d c04c | 8b4a 0848 | c742 0800 
  0x000001ed50cbd680: 0000 0045 | 8b87 d806 | 0000 4f3b | 4c07 f80f | 8542 0000 | 0041 83af | d806 0000 | 084f 3b4c 
  0x000001ed50cbd6a0: 07f0 0f84 | 2a00 0000 | 498b 01a8 | 020f 8512 | 0000 004c | 8bc0 4983 | c801 f04d | 0fb1 010f 
  0x000001ed50cbd6c0: 840d 0000 | 0041 8387 | d806 0000 | 08e9 0500 | 0000 e93e | 0000 004c | 894a 0848 | 8bca 4883 
  0x000001ed50cbd6e0: ec20 40f6 | c40f 0f84 | 1900 0000 | 4883 ec08 | 48b8 303b | 960f ff7f | 0000 ffd0 | 4883 c408 
  0x000001ed50cbd700: e90c 0000 | 0048 b830 | 3b96 0fff | 7f00 00ff | d048 83c4 | 204c 8b6d | c041 c687 | 9603 0000 
  0x000001ed50cbd720: 0149 3b6f | 280f 8705 | 0000 00e9 | ab00 0000 | 4883 ec10 | c5fb 1104 | 2448 83ec | 1048 8904 
  0x000001ed50cbd740: 2448 c744 | 2408 0000 | 0000 c5f8 | 7749 89af | 3804 0000 | 49ba 4ad7 | cb50 ed01 | 0000 4d89 
  0x000001ed50cbd760: 9730 0400 | 0049 89a7 | 2804 0000 | 498b cf48 | 83ec 2040 | f6c4 0f0f | 8419 0000 | 0048 83ec 
  0x000001ed50cbd780: 0848 b8d0 | 2196 0fff | 7f00 00ff | d048 83c4 | 08e9 0c00 | 0000 48b8 | d021 960f | ff7f 0000 
  0x000001ed50cbd7a0: ffd0 4883 | c420 49c7 | 8728 0400 | 0000 0000 | 0049 c787 | 3804 0000 | 0000 0000 | 49c7 8730 
  0x000001ed50cbd7c0: 0400 0000 | 0000 00c5 | f877 488b | 0424 4883 | c410 c5fb | 1004 2448 | 83c4 1048 | 8b04 2448 
  0x000001ed50cbd7e0: 83c4 10c5 | fb10 0424 | 4883 c410 | 4c8b 5d18 | 41ff d34c | 8b5d f8c9 | 41c6 8796 | 0300 0000 
  0x000001ed50cbd800: 5f49 8be3 | ffe7 ba00 | 0000 00e8 | 0500 0000 | e996 0000 | 0048 8d44 | 2408 4c89 | 6dc0 498b 
  0x000001ed50cbd820: cfc5 f877 | 4989 af38 | 0400 0049 | 8987 2804 | 0000 4883 | ec20 40f6 | c40f 0f84 | 1900 0000 
  0x000001ed50cbd840: 4883 ec08 | 48b8 2031 | 960f ff7f | 0000 ffd0 | 4883 c408 | e90c 0000 | 0048 b820 | 3196 0fff 
  0x000001ed50cbd860: 7f00 00ff | d048 83c4 | 2049 c787 | 2804 0000 | 0000 0000 | 49c7 8738 | 0400 0000 | 0000 0049 
  0x000001ed50cbd880: c787 3004 | 0000 0000 | 0000 c5f8 | 7749 837f | 0800 0f84 | 0500 0000 | e943 39ff | ff4c 8b6d 
  0x000001ed50cbd8a0: c04c 8b75 | c84e 8d74 | f500 c348 | 8b5d e8e9 | 74f6 ffff | 0f1f 4000 
[/MachCode]

Compiled method (c1) 382090 1150   !   3       java.awt.event.InvocationEvent::dispatch (69 bytes)
 total in heap  [0x000001ed49913108,0x000001ed49913860] = 1880
 main code      [0x000001ed49913200,0x000001ed499137f8] = 1528
 stub code      [0x000001ed499137f8,0x000001ed49913860] = 104
 mutable data [0x000001ed655e8590,0x000001ed655e8628] = 152
 relocation     [0x000001ed655e8590,0x000001ed655e8620] = 144
 metadata       [0x000001ed655e8620,0x000001ed655e8628] = 8
 immutable data [0x000001ed654ad130,0x000001ed654ad2d8] = 424
 dependencies   [0x000001ed654ad130,0x000001ed654ad138] = 8
 nul chk table  [0x000001ed654ad138,0x000001ed654ad150] = 24
 handler table  [0x000001ed654ad150,0x000001ed654ad1e0] = 144
 scopes pcs     [0x000001ed654ad1e0,0x000001ed654ad280] = 160
 scopes data    [0x000001ed654ad280,0x000001ed654ad2d8] = 88

[Constant Pool (empty)]

[MachCode]
[Instructions begin]
  0x000001ed49913200: 6666 660f | 1f84 0000 | 0000 0066 | 6666 9066 | 6690 448b | 5208 443b 

  0x000001ed49913218: ;   {runtime_call Shared Runtime ic_miss_blob}
  0x000001ed49913218: 5008 0f85 | c0b8 3e07 
[Verified Entry Point]
  0x000001ed49913220: 8984 2400 | 80ff ff55 | 4883 ec30 | 4181 7f20 | 0100 0000 

  0x000001ed49913234: ;   {runtime_call Stub::method_entry_barrier}
  0x000001ed49913234: 7405 e805 | 103d 0748 | 8954 2418 

  0x000001ed49913240: ;   {metadata(method data for {method} {0x000001ed6151eec8} 'dispatch' '()V' in 'java/awt/event/InvocationEvent')}
  0x000001ed49913240: 48be e80a | 8f61 ed01 | 0000 8bbe | 9000 0000 | 83c7 0289 | be90 0000 | 0081 e7fe | 0700 0085 
  0x000001ed49913260: ff0f 84af | 0400 000f | be72 1d85 

  0x000001ed4991326c: ;   {metadata(method data for {method} {0x000001ed6151eec8} 'dispatch' '()V' in 'java/awt/event/InvocationEvent')}
  0x000001ed4991326c: f648 bee8 | 0a8f 61ed | 0100 00bf | d800 0000 | 7405 bfe8 | 0000 0048 | 8b1c 3e48 | 8d5b 0148 
  0x000001ed4991328c: 891c 3e0f | 84d1 0000 | 008b 7228 | 48c1 e603 

  0x000001ed4991329c: ; implicit exception: dispatches to 0x000001ed49913737
  0x000001ed4991329c: 483b 0648 

  0x000001ed499132a0: ;   {metadata(method data for {method} {0x000001ed6151eec8} 'dispatch' '()V' in 'java/awt/event/InvocationEvent')}
  0x000001ed499132a0: 8bfe 48bb | e80a 8f61 | ed01 0000 | 8b7f 0841 | ba00 0000 | 0d49 03fa | 483b bb00 | 0100 0075 
  0x000001ed499132c0: 0d48 8383 | 0801 0000 | 01e9 6000 | 0000 483b | bb10 0100 | 0075 0d48 | 8383 1801 | 0000 01e9 
  0x000001ed499132e0: 4a00 0000 | 4883 bb00 | 0100 0000 | 7517 4889 | bb00 0100 | 0048 c783 | 0801 0000 | 0100 0000 
  0x000001ed49913300: e929 0000 | 0048 83bb | 1001 0000 | 0075 1748 | 89bb 1001 | 0000 48c7 | 8318 0100 | 0001 0000 
  0x000001ed49913320: 00e9 0800 | 0000 4883 | 83f8 0000 | 0001 488b | d60f 1f40 | 0048 b890 | 1c5d 65ed 

  0x000001ed4991333c: ;   {virtual_call}
  0x000001ed4991333c: 0100 00e8 

  0x000001ed49913340: ; ImmutableOopMap {[24]=Oop }
                      ;*invokeinterface run {reexecute=0 rethrow=0 return_oop=0}
                      ; - java.awt.event.InvocationEvent::dispatch@11 (line 313)
  0x000001ed49913340: 9cbd 3e07 

  0x000001ed49913344: ;   {post_call_nop}
  0x000001ed49913344: 0f1f 8400 | 3c02 0000 

  0x000001ed4991334c: ;   {metadata(method data for {method} {0x000001ed6151eec8} 'dispatch' '()V' in 'java/awt/event/InvocationEvent')}
  0x000001ed4991334c: 48ba e80a | 8f61 ed01 | 0000 ff82 | 2801 0000 | 488b 5424 | 18e9 0703 | 0000 8b72 | 2848 c1e6 
  0x000001ed4991336c: 0348 3b06 

  0x000001ed49913370: ;   {metadata(method data for {method} {0x000001ed6151eec8} 'dispatch' '()V' in 'java/awt/event/InvocationEvent')}
  0x000001ed49913370: 488b fe48 | bbe8 0a8f | 61ed 0100 | 008b 7f08 | 41ba 0000 | 000d 4903 | fa48 3bbb | e001 0000 
  0x000001ed49913390: 750d 4883 | 83e8 0100 | 0001 e960 | 0000 0048 | 3bbb f001 | 0000 750d | 4883 83f8 | 0100 0001 
  0x000001ed499133b0: e94a 0000 | 0048 83bb | e001 0000 | 0075 1748 | 89bb e001 | 0000 48c7 | 83e8 0100 | 0001 0000 
  0x000001ed499133d0: 00e9 2900 | 0000 4883 | bbf0 0100 | 0000 7517 | 4889 bbf0 | 0100 0048 | c783 f801 | 0000 0100 
  0x000001ed499133f0: 0000 e908 | 0000 0048 | 8383 d801 | 0000 0148 | 8bd6 6666 | 9048 b8b8 | 1c5d 65ed 

  0x000001ed4991340c: ;   {virtual_call}
  0x000001ed4991340c: 0100 00e8 

  0x000001ed49913410: ; ImmutableOopMap {[24]=Oop }
                      ;*invokeinterface run {reexecute=0 rethrow=0 return_oop=0}
                      ; - java.awt.event.InvocationEvent::dispatch@47 (line 323)
  0x000001ed49913410: 4445 4d07 

  0x000001ed49913414: ;   {post_call_nop}
  0x000001ed49913414: 0f1f 8400 | 0c03 0001 | 488b 5424 | 18e9 4702 | 0000 498b | 8788 0500 | 004d 33d2 | 4d89 9788 
  0x000001ed49913434: 0500 004d | 33d2 4d89 | 9790 0500 | 0048 85c0 

  0x000001ed49913444: ;   {metadata(method data for {method} {0x000001ed6151eec8} 'dispatch' '()V' in 'java/awt/event/InvocationEvent')}
  0x000001ed49913444: 48be e80a | 8f61 ed01 | 0000 750c | 808e 3901 | 0000 01e9 | a700 0000 | 8b78 0841 | ba00 0000 
  0x000001ed49913464: 0d49 03fa | 483b be48 | 0100 0075 | 0d48 8386 | 5001 0000 | 01e9 6000 | 0000 483b | be58 0100 
  0x000001ed49913484: 0075 0d48 | 8386 6001 | 0000 01e9 | 4a00 0000 | 4883 be48 | 0100 0000 | 7517 4889 | be48 0100 
  0x000001ed499134a4: 0048 c786 | 5001 0000 | 0100 0000 | e929 0000 | 0048 83be | 5801 0000 | 0075 1748 | 89be 5801 
  0x000001ed499134c4: 0000 48c7 | 8660 0100 | 0001 0000 | 00e9 0800 | 0000 4883 | 8640 0100 

  0x000001ed499134dc: ;   {metadata('java/lang/Exception')}
  0x000001ed499134dc: 0001 48bf | 30c9 1d0d | 0000 0000 | 8b70 0841 | ba00 0000 | 0d49 03f2 | 483b 7e40 | 0f85 0500 
  0x000001ed499134fc: 0000 e905 | 0000 004d | 33c0 eb06 | 41b8 0100 | 0000 4585 

  0x000001ed49913510: ;   {metadata(method data for {method} {0x000001ed6151eec8} 'dispatch' '()V' in 'java/awt/event/InvocationEvent')}
  0x000001ed49913510: c049 b8e8 | 0a8f 61ed | 0100 00ba | 7001 0000 | 7405 ba80 | 0100 0049 | 8b34 1048 | 8d76 0149 
  0x000001ed49913530: 8934 1048 | 8b54 2418 | 0f84 f100 | 0000 4885 

  0x000001ed49913540: ;   {metadata(method data for {method} {0x000001ed6151eec8} 'dispatch' '()V' in 'java/awt/event/InvocationEvent')}
  0x000001ed49913540: c048 bfe8 | 0a8f 61ed | 0100 0075 | 0c80 8f89 | 0100 0001 | e9a7 0000 | 008b 5808 | 41ba 0000 
  0x000001ed49913560: 000d 4903 | da48 3b9f | 9801 0000 | 750d 4883 | 87a0 0100 | 0001 e960 | 0000 0048 | 3b9f a801 
  0x000001ed49913580: 0000 750d | 4883 87b0 | 0100 0001 | e94a 0000 | 0048 83bf | 9801 0000 | 0075 1748 | 899f 9801 
  0x000001ed499135a0: 0000 48c7 | 87a0 0100 | 0001 0000 | 00e9 2900 | 0000 4883 | bfa8 0100 | 0000 7517 | 4889 9fa8 
  0x000001ed499135c0: 0100 0048 | c787 b001 | 0000 0100 | 0000 e908 | 0000 0048 | 8387 9001 

  0x000001ed499135d8: ;   {metadata('java/lang/Exception')}
  0x000001ed499135d8: 0000 0148 | bb30 c91d | 0d00 0000 | 008b 7808 | 41ba 0000 | 000d 4903 | fa48 3b5f | 400f 8546 
  0x000001ed499135f8: 0100 00e9 | 0000 0000 | 4c8b c041 | 0fbe 7748 | 85f6 0f85 | 3a01 0000 | 4d8b d049 | c1ea 0344 
  0x000001ed49913618: 8952 3448 | 8bf2 4933 | f048 c1ee | 1548 83fe | 000f 853a | 0100 0045 | 0fbe 4748 | 4585 c00f 
  0x000001ed49913638: 8544 0100 | 004c 8bd0 | 49c1 ea03 | 4489 5238 | 4c8b c24c | 33c0 49c1 | e815 4983 | f800 0f85 
  0x000001ed49913658: 4501 0000 

  0x000001ed4991365c: ;   {metadata(method data for {method} {0x000001ed6151eec8} 'dispatch' '()V' in 'java/awt/event/InvocationEvent')}
  0x000001ed4991365c: 49b8 e80a | 8f61 ed01 | 0000 41ff | 80c0 0100 | 004c 8bc2 

  0x000001ed49913670: ;   {metadata(method data for {method} {0x000001ed6151eec8} 'dispatch' '()V' in 'java/awt/event/InvocationEvent')}
  0x000001ed49913670: 48be e80a | 8f61 ed01 | 0000 4883 | 8608 0200 | 0001 41b8 | 0100 0000 | 0f1f 8000 

  0x000001ed4991368c: ;   {optimized virtual_call}
  0x000001ed4991368c: 0000 00e8 

  0x000001ed49913690: ; ImmutableOopMap {}
                      ;*invokevirtual finishedDispatching {reexecute=0 rethrow=0 return_oop=0}
                      ; - java.awt.event.InvocationEvent::dispatch@54 (line 326)
  0x000001ed49913690: 0c03 0000 

  0x000001ed49913694: ;   {post_call_nop}
  0x000001ed49913694: 0f1f 8400 | 8c05 0002 

  0x000001ed4991369c: ;   {metadata(method data for {method} {0x000001ed6151eec8} 'dispatch' '()V' in 'java/awt/event/InvocationEvent')}
  0x000001ed4991369c: 48b8 e80a | 8f61 ed01 | 0000 ff80 | 3802 0000 | 4883 c430 

  0x000001ed499136b0: ;   {poll_return}
  0x000001ed499136b0: 5d49 3b67 | 280f 87fe | 0000 00c3 | 488b 5424 | 1849 8b87 | 8805 0000 | 4d33 d24d | 8997 8805 
  0x000001ed499136d0: 0000 4d33 | d24d 8997 | 9005 0000 

  0x000001ed499136dc: ;   {metadata(method data for {method} {0x000001ed6151eec8} 'dispatch' '()V' in 'java/awt/event/InvocationEvent')}
  0x000001ed499136dc: 4c8b c248 | bee8 0a8f | 61ed 0100 | 0048 8386 | 5002 0000 | 0141 b801 | 0000 0048 | 8944 2420 
  0x000001ed499136fc: ;   {optimized virtual_call}
  0x000001ed499136fc: 6666 90e8 

  0x000001ed49913700: ; ImmutableOopMap {[32]=Oop }
                      ;*invokevirtual finishedDispatching {reexecute=0 rethrow=0 return_oop=0}
                      ; - java.awt.event.InvocationEvent::dispatch@63 (line 326)
  0x000001ed49913700: dcb6 3e07 

  0x000001ed49913704: ;   {post_call_nop}
  0x000001ed49913704: 0f1f 8400 | fc05 0003 | 488b 4424 | 20e9 d600 

  0x000001ed49913714: ;   {metadata({method} {0x000001ed6151eec8} 'dispatch' '()V' in 'java/awt/event/InvocationEvent')}
  0x000001ed49913714: 0000 49ba | c0ee 5161 | ed01 0000 | 4c89 5424 | 0848 c704 | 24ff ffff 

  0x000001ed4991372c: ;   {runtime_call C1 Runtime counter_overflow_blob}
  0x000001ed4991372c: ffe8 2eaf 

  0x000001ed49913730: ; ImmutableOopMap {rdx=Oop [24]=Oop }
                      ;*synchronization entry
                      ; - java.awt.event.InvocationEvent::dispatch@-1 (line 311)
  0x000001ed49913730: 4b07 e930 

  0x000001ed49913734: ;   {runtime_call C1 Runtime throw_null_pointer_exception_blob}
  0x000001ed49913734: fbff ffe8 

  0x000001ed49913738: ; ImmutableOopMap {rdx=Oop rsi=Oop [24]=Oop }
                      ;*invokeinterface run {reexecute=0 rethrow=0 return_oop=0}
                      ; - java.awt.event.InvocationEvent::dispatch@11 (line 313)
  0x000001ed49913738: 244f 4b07 

  0x000001ed4991373c: ;   {runtime_call C1 Runtime throw_null_pointer_exception_blob}
  0x000001ed4991373c: e81f 4f4b 

  0x000001ed49913740: ; ImmutableOopMap {rdx=Oop rsi=Oop [24]=Oop }
                      ;*invokeinterface run {reexecute=0 rethrow=0 return_oop=0}
                      ; - java.awt.event.InvocationEvent::dispatch@47 (line 323)
  0x000001ed49913740: 0748 8904 

  0x000001ed49913744: ;   {runtime_call C1 Runtime throw_class_cast_exception_blob}
  0x000001ed49913744: 24e8 967b 

  0x000001ed49913748: ; ImmutableOopMap {rax=Oop rdx=Oop [24]=Oop }
                      ;*checkcast {reexecute=0 rethrow=0 return_oop=0}
                      ; - java.awt.event.InvocationEvent::dispatch@29 (line 317)
  0x000001ed49913748: 4b07 8b72 | 3448 c1e6 | 0348 83fe | 000f 84b5 | feff ff48 

  0x000001ed4991375c: ;   {runtime_call g1_pre_barrier_slow}
  0x000001ed4991375c: 8934 24e8 | fcb4 4b07 | e9a7 feff | ff49 83f8 | 000f 84bc | feff ff48 

  0x000001ed49913774: ;   {runtime_call g1_post_barrier_slow}
  0x000001ed49913774: 8914 24e8 | e4b7 4b07 | e9ae feff | ff44 8b42 | 3849 c1e0 | 0349 83f8 | 000f 84aa | feff ff4c 
  0x000001ed49913794: ;   {runtime_call g1_pre_barrier_slow}
  0x000001ed49913794: 8904 24e8 | c4b4 4b07 | e99c feff | ff48 83f8 | 000f 84b1 | feff ff48 

  0x000001ed499137ac: ;   {runtime_call g1_post_barrier_slow}
  0x000001ed499137ac: 8914 24e8 | acb7 4b07 | e9a3 feff 

  0x000001ed499137b8: ;   {internal_word}
  0x000001ed499137b8: ff49 bab1 | 3691 49ed | 0100 004d | 8997 e004 

  0x000001ed499137c8: ;   {runtime_call SafepointBlob}
  0x000001ed499137c8: 0000 e991 | d73e 0749 | 8b87 8805 | 0000 49c7 | 8788 0500 | 0000 0000 | 0049 c787 | 9005 0000 
  0x000001ed499137e8: 0000 0000 | 4883 c430 

  0x000001ed499137f0: ;   {runtime_call C1 Runtime unwind_exception_blob}
  0x000001ed499137f0: 5de9 ea3b | 4b07 f4f4 
[Stub Code]
  0x000001ed499137f8: ;   {other}
  0x000001ed499137f8: 0f1f 4400 

  0x000001ed499137fc: ;   {static_stub}
  0x000001ed499137fc: 0048 bb00 | 0000 0000 

  0x000001ed49913804: ;   {runtime_call nmethod}
  0x000001ed49913804: 0000 00e9 | fbff ffff 

  0x000001ed4991380c: ;   {static_stub}
  0x000001ed4991380c: 9048 bb00 | 0000 0000 

  0x000001ed49913814: ;   {runtime_call nmethod}
  0x000001ed49913814: 0000 00e9 | fbff ffff 

  0x000001ed4991381c: ;   {static_stub}
  0x000001ed4991381c: 48bb 0000 | 0000 0000 

  0x000001ed49913824: ;   {runtime_call nmethod}
  0x000001ed49913824: 0000 e9fb 

  0x000001ed49913828: ;   {runtime_call C1 Runtime handle_exception_from_callee_blob}
  0x000001ed49913828: ffff ffe8 | b074 4b07 

  0x000001ed49913830: ;   {external_word}
  0x000001ed49913830: 48b9 6808 | fa0f ff7f | 0000 4883 

  0x000001ed4991383c: ;   {runtime_call}
  0x000001ed4991383c: e4f0 48b8 | 0091 bd0f | ff7f 0000 

  0x000001ed49913848: ;   {section_word}
  0x000001ed49913848: ffd0 f449 | ba4b 3891 | 49ed 0100 

  0x000001ed49913854: ;   {runtime_call DeoptimizationBlob}
  0x000001ed49913854: 0041 52e9 | 04da 3e07 | f4f4 f4f4 
[/MachCode]


Compiled method (c1) 382111 1059       3       java.awt.EventQueue::dispatchEventImpl (139 bytes)
 total in heap  [0x000001ed498d1088,0x000001ed498d31d8] = 8528
 main code      [0x000001ed498d1180,0x000001ed498d30b8] = 7992
 stub code      [0x000001ed498d30b8,0x000001ed498d31c8] = 272
 oops           [0x000001ed498d31c8,0x000001ed498d31d8] = 16
 mutable data [0x000001ed655c8750,0x000001ed655c8ac0] = 880
 relocation     [0x000001ed655c8750,0x000001ed655c89f8] = 680
 metadata       [0x000001ed655c89f8,0x000001ed655c8ac0] = 200
 immutable data [0x000001ed655c7fc0,0x000001ed655c8748] = 1928
 dependencies   [0x000001ed655c7fc0,0x000001ed655c7ff8] = 56
 nul chk table  [0x000001ed655c7ff8,0x000001ed655c8078] = 128
 handler table  [0x000001ed655c8078,0x000001ed655c8138] = 192
 scopes pcs     [0x000001ed655c8138,0x000001ed655c8518] = 992
 scopes data    [0x000001ed655c8518,0x000001ed655c8748] = 560

[Constant Pool (empty)]

[MachCode]
[Instructions begin]
  0x000001ed498d1180: 6666 660f | 1f84 0000 | 0000 0066 | 6666 9066 | 6690 448b | 5208 443b 

  0x000001ed498d1198: ;   {runtime_call Shared Runtime ic_miss_blob}
  0x000001ed498d1198: 5008 0f85 | 40d9 4207 
[Verified Entry Point]
  0x000001ed498d11a0: 8984 2400 | 80ff ff55 | 4881 ecd0 | 0000 0090 | 4181 7f20 | 0100 0000 

  0x000001ed498d11b8: ;   {runtime_call Stub::method_entry_barrier}
  0x000001ed498d11b8: 7405 e881 | 3041 074c | 8984 24a8 

  0x000001ed498d11c4: ;   {metadata(method data for {method} {0x000001ed61181e60} 'dispatchEventImpl' '(Ljava/awt/AWTEvent;Ljava/lang/Object;)V' in 'java/awt/EventQueue')}
  0x000001ed498d11c4: 0000 0048 | bee8 108c | 61ed 0100 | 008b be90 | 0000 0083 | c702 89be | 9000 0000 | 81e7 fe07 
  0x000001ed498d11e4: 0000 85ff | 0f84 8e1a | 0000 41c6 | 401a 014d 

  0x000001ed498d11f4: ;   {metadata(method data for {method} {0x000001ed61181e60} 'dispatchEventImpl' '(Ljava/awt/AWTEvent;Ljava/lang/Object;)V' in 'java/awt/EventQueue')}
  0x000001ed498d11f4: 85c0 48bb | e810 8c61 | ed01 0000 | 750c 808b | d100 0000 | 01e9 c300 | 0000 418b | 4008 41ba 
  0x000001ed498d1214: 0000 000d | 4903 c248 | 3b83 e000 | 0000 750d | 4883 83e8 | 0000 0001 | e960 0000 | 0048 3b83 
  0x000001ed498d1234: f000 0000 | 750d 4883 | 83f8 0000 | 0001 e94a | 0000 0048 | 83bb e000 | 0000 0075 | 1748 8983 
  0x000001ed498d1254: e000 0000 | 48c7 83e8 | 0000 0001 | 0000 00e9 | 2900 0000 | 4883 bbf0 | 0000 0000 | 7517 4889 
  0x000001ed498d1274: 83f0 0000 | 0048 c783 | f800 0000 | 0100 0000 | e908 0000 | 0048 8383 | d800 0000 

  0x000001ed498d1290: ;   {metadata('java/awt/ActiveEvent')}
  0x000001ed498d1290: 0148 b860 | 0608 0e00 | 0000 0041 | 8b58 0841 | ba00 0000 | 0d49 03da | 483b 4320 | 0f84 2400 
  0x000001ed498d12b0: 0000 483b | d80f 841b | 0000 0053 

  0x000001ed498d12bc: ;   {runtime_call C1 Runtime slow_subtype_check_blob}
  0x000001ed498d12bc: 50e8 1ea6 | 4f07 5b5b | 85db 0f84 | 0500 0000 | e905 0000 | 0048 33f6 | eb05 be01 | 0000 0085 
  0x000001ed498d12dc: ;   {metadata(method data for {method} {0x000001ed61181e60} 'dispatchEventImpl' '(Ljava/awt/AWTEvent;Ljava/lang/Object;)V' in 'java/awt/EventQueue')}
  0x000001ed498d12dc: f648 bee8 | 108c 61ed | 0100 00bf | 1801 0000 | 7505 bf08 | 0100 0048 | 8b1c 3e48 | 8d5b 0148 
  0x000001ed498d12fc: 891c 3e0f | 8543 1500 | 004d 85c9 

  0x000001ed498d1308: ;   {metadata(method data for {method} {0x000001ed61181e60} 'dispatchEventImpl' '(Ljava/awt/AWTEvent;Ljava/lang/Object;)V' in 'java/awt/EventQueue')}
  0x000001ed498d1308: 48bb e810 | 8c61 ed01 | 0000 750c | 808b c901 | 0000 01e9 | a900 0000 | 418b 4108 | 41ba 0000 
  0x000001ed498d1328: 000d 4903 | c248 3b83 | d801 0000 | 750d 4883 | 83e0 0100 | 0001 e960 | 0000 0048 | 3b83 e801 
  0x000001ed498d1348: 0000 750d | 4883 83f0 | 0100 0001 | e94a 0000 | 0048 83bb | d801 0000 | 0075 1748 | 8983 d801 
  0x000001ed498d1368: 0000 48c7 | 83e0 0100 | 0001 0000 | 00e9 2900 | 0000 4883 | bbe8 0100 | 0000 7517 | 4889 83e8 
  0x000001ed498d1388: 0100 0048 | c783 f001 | 0000 0100 | 0000 e908 | 0000 0048 | 8383 d001 

  0x000001ed498d13a0: ;   {metadata('java/awt/Component')}
  0x000001ed498d13a0: 0000 0148 | b8b0 1b00 | 0e00 0000 | 0041 8b59 | 0841 ba00 | 0000 0d49 | 03da 483b | 4338 0f85 
  0x000001ed498d13c0: 0500 0000 | e905 0000 | 0048 33f6 | eb05 be01 | 0000 0085 

  0x000001ed498d13d4: ;   {metadata(method data for {method} {0x000001ed61181e60} 'dispatchEventImpl' '(Ljava/awt/AWTEvent;Ljava/lang/Object;)V' in 'java/awt/EventQueue')}
  0x000001ed498d13d4: f648 bee8 | 108c 61ed | 0100 00bf | 0002 0000 | 7405 bf10 | 0200 0048 | 8b1c 3e48 | 8d5b 0148 
  0x000001ed498d13f4: 891c 3e0f | 84bc 0600 | 004d 85c9 

  0x000001ed498d1400: ;   {metadata(method data for {method} {0x000001ed61181e60} 'dispatchEventImpl' '(Ljava/awt/AWTEvent;Ljava/lang/Object;)V' in 'java/awt/EventQueue')}
  0x000001ed498d1400: 48bf e810 | 8c61 ed01 | 0000 750c | 808f 1902 | 0000 01e9 | a900 0000 | 418b 5908 | 41ba 0000 
  0x000001ed498d1420: 000d 4903 | da48 3b9f | 2802 0000 | 750d 4883 | 8730 0200 | 0001 e960 | 0000 0048 | 3b9f 3802 
  0x000001ed498d1440: 0000 750d | 4883 8740 | 0200 0001 | e94a 0000 | 0048 83bf | 2802 0000 | 0075 1748 | 899f 2802 
  0x000001ed498d1460: 0000 48c7 | 8730 0200 | 0001 0000 | 00e9 2900 | 0000 4883 | bf38 0200 | 0000 7517 | 4889 9f38 
  0x000001ed498d1480: 0200 0048 | c787 4002 | 0000 0100 | 0000 e908 | 0000 0048 | 8387 2002 

  0x000001ed498d1498: ;   {metadata('java/awt/Component')}
  0x000001ed498d1498: 0000 0148 | bbb0 1b00 | 0e00 0000 | 0041 8b79 | 0841 ba00 | 0000 0d49 | 03fa 483b | 5f38 0f85 
  0x000001ed498d14b8: e617 0000 | e900 0000 | 0049 8bd1 

  0x000001ed498d14c4: ; implicit exception: dispatches to 0x000001ed498d2cab
  0x000001ed498d14c4: 483b 0248 

  0x000001ed498d14c8: ;   {metadata(method data for {method} {0x000001ed61181e60} 'dispatchEventImpl' '(Ljava/awt/AWTEvent;Ljava/lang/Object;)V' in 'java/awt/EventQueue')}
  0x000001ed498d14c8: 8bf2 48bf | e810 8c61 | ed01 0000 | 8b76 0841 | ba00 0000 | 0d49 03f2 | 483b b758 | 0200 0075 
  0x000001ed498d14e8: 0d48 8387 | 6002 0000 | 01e9 6000 | 0000 483b | b768 0200 | 0075 0d48 | 8387 7002 | 0000 01e9 
  0x000001ed498d1508: 4a00 0000 | 4883 bf58 | 0200 0000 | 7517 4889 | b758 0200 | 0048 c787 | 6002 0000 | 0100 0000 
  0x000001ed498d1528: e929 0000 | 0048 83bf | 6802 0000 | 0075 1748 | 89b7 6802 | 0000 48c7 | 8770 0200 | 0001 0000 
  0x000001ed498d1548: 00e9 0800 | 0000 4883 | 8750 0200 

  0x000001ed498d1554: ;   {metadata(method data for {method} {0x000001ed6104e4d0} 'dispatchEvent' '(Ljava/awt/AWTEvent;)V' in 'java/awt/Component')}
  0x000001ed498d1554: 0001 48be | 18e5 8b61 | ed01 0000 | 8bbe 9000 | 0000 83c7 | 0289 be90 | 0000 0081 | e7fe ff1f 
  0x000001ed498d1574: 0085 ff0f | 8433 1700 | 0048 8bf2 

  0x000001ed498d1580: ;   {metadata(method data for {method} {0x000001ed6104e4d0} 'dispatchEvent' '(Ljava/awt/AWTEvent;)V' in 'java/awt/Component')}
  0x000001ed498d1580: 48bf 18e5 | 8b61 ed01 | 0000 8b76 | 0841 ba00 | 0000 0d49 | 03f2 483b | b7e0 0000 | 0075 0d48 
  0x000001ed498d15a0: 8387 e800 | 0000 01e9 | 6000 0000 | 483b b7f0 | 0000 0075 | 0d48 8387 | f800 0000 | 01e9 4a00 
  0x000001ed498d15c0: 0000 4883 | bfe0 0000 | 0000 7517 | 4889 b7e0 | 0000 0048 | c787 e800 | 0000 0100 | 0000 e929 
  0x000001ed498d15e0: 0000 0048 | 83bf f000 | 0000 0075 | 1748 89b7 | f000 0000 | 48c7 87f8 | 0000 0001 | 0000 00e9 
  0x000001ed498d1600: 0800 0000 | 4883 87d8 | 0000 0001 | 498b f04c | 8bc6 6666 | 9048 b8c0 | 4259 65ed 

  0x000001ed498d161c: ;   {virtual_call}
  0x000001ed498d161c: 0100 00e8 

  0x000001ed498d1620: ; ImmutableOopMap {[168]=Oop }
                      ;*invokevirtual dispatchEventImpl {reexecute=0 rethrow=0 return_oop=0}
                      ; - java.awt.Component::dispatchEvent@2 (line 4790)
                      ; - java.awt.EventQueue::dispatchEventImpl@41 (line 725)
  0x000001ed498d1620: e468 5107 

  0x000001ed498d1624: ;   {post_call_nop}
  0x000001ed498d1624: 0f1f 8400 | 9c05 0000 | 4c8b 8424 | a800 0000 

  0x000001ed498d1634: ;   {metadata(method data for {method} {0x000001ed61181e60} 'dispatchEventImpl' '(Ljava/awt/AWTEvent;Ljava/lang/Object;)V' in 'java/awt/EventQueue')}
  0x000001ed498d1634: 48be e810 | 8c61 ed01 | 0000 458b | 4008 41ba | 0000 000d | 4d03 c24c | 3b86 8802 | 0000 750d 
  0x000001ed498d1654: 4883 8690 | 0200 0001 | e960 0000 | 004c 3b86 | 9802 0000 | 750d 4883 | 86a0 0200 | 0001 e94a 
  0x000001ed498d1674: 0000 0048 | 83be 8802 | 0000 0075 | 174c 8986 | 8802 0000 | 48c7 8690 | 0200 0001 | 0000 00e9 
  0x000001ed498d1694: 2900 0000 | 4883 be98 | 0200 0000 | 7517 4c89 | 8698 0200 | 0048 c786 | a002 0000 | 0100 0000 
  0x000001ed498d16b4: e908 0000 | 0048 8386 | 8002 0000 

  0x000001ed498d16c0: ;   {metadata(method data for {method} {0x000001ed61112bc0} 'dispatched' '()V' in 'java/awt/AWTEvent')}
  0x000001ed498d16c0: 0148 be58 | 178c 61ed | 0100 008b | be90 0000 | 0083 c702 | 89be 9000 | 0000 81e7 | feff 1f00 
  0x000001ed498d16e0: 85ff 0f84 | e915 0000 | 4c8b 8424 | a800 0000 

  0x000001ed498d16f0: ;   {metadata(method data for {method} {0x000001ed61112bc0} 'dispatched' '()V' in 'java/awt/AWTEvent')}
  0x000001ed498d16f0: 4d85 c048 | bb58 178c | 61ed 0100 | 0075 0c80 | 8bd1 0000 | 0001 e9a9 | 0000 0041 | 8b40 0841 
  0x000001ed498d1710: ba00 0000 | 0d49 03c2 | 483b 83e0 | 0000 0075 | 0d48 8383 | e800 0000 | 01e9 6000 | 0000 483b 
  0x000001ed498d1730: 83f0 0000 | 0075 0d48 | 8383 f800 | 0000 01e9 | 4a00 0000 | 4883 bbe0 | 0000 0000 | 7517 4889 
  0x000001ed498d1750: 83e0 0000 | 0048 c783 | e800 0000 | 0100 0000 | e929 0000 | 0048 83bb | f000 0000 | 0075 1748 
  0x000001ed498d1770: 8983 f000 | 0000 48c7 | 83f8 0000 | 0001 0000 | 00e9 0800 | 0000 4883 | 83d8 0000 

  0x000001ed498d178c: ;   {metadata('java/awt/event/InputEvent')}
  0x000001ed498d178c: 0001 48b8 | 60d9 010e | 0000 0000 | 418b 5808 | 41ba 0000 | 000d 4903 | da48 3b43 | 500f 8505 
  0x000001ed498d17ac: 0000 00e9 | 0500 0000 | 4833 f6eb | 05be 0100 | 0000 85f6 

  0x000001ed498d17c0: ;   {metadata(method data for {method} {0x000001ed61112bc0} 'dispatched' '()V' in 'java/awt/AWTEvent')}
  0x000001ed498d17c0: 48be 5817 | 8c61 ed01 | 0000 bf08 | 0100 0074 | 05bf 1801 | 0000 488b | 1c3e 488d | 5b01 4889 
  0x000001ed498d17e0: 1c3e 0f84 | 7114 0000 

  0x000001ed498d17e8: ;   {metadata(method data for {method} {0x000001ed61112bc0} 'dispatched' '()V' in 'java/awt/AWTEvent')}
  0x000001ed498d17e8: 48be 5817 | 8c61 ed01 | 0000 4883 | 8628 0100 

  0x000001ed498d17f8: ;   {metadata(method data for {method} {0x000001ed610f1f28} 'getInputEventAccessor' '()Lsun/awt/AWTAccessor$InputEventAccessor;' in 'sun/awt/AWTAccessor')}
  0x000001ed498d17f8: 0001 48be | 3019 8c61 | ed01 0000 | 8bbe 9000 | 0000 83c7 | 0289 be90 | 0000 0081 | e7fe ff1f 
  0x000001ed498d1818: 0085 ff0f | 84d1 1400 

  0x000001ed498d1820: ;   {oop(a 'java/lang/Class'{0x0000000715644510} = 'sun/awt/AWTAccessor')}
  0x000001ed498d1820: 0048 be10 | 4564 1507 | 0000 008b | b68c 0000 | 0048 c1e6 | 0348 85f6 

  0x000001ed498d1838: ;   {metadata(method data for {method} {0x000001ed610f1f28} 'getInputEventAccessor' '()Lsun/awt/AWTAccessor$InputEventAccessor;' in 'sun/awt/AWTAccessor')}
  0x000001ed498d1838: 48bf 3019 | 8c61 ed01 | 0000 bbd8 | 0000 0075 | 05bb e800 | 0000 488b | 041f 488d | 4001 4889 
  0x000001ed498d1858: 041f 0f85 | a812 0000 

  0x000001ed498d1860: ;   {metadata(method data for {method} {0x000001ed610f1f28} 'getInputEventAccessor' '()Lsun/awt/AWTAccessor$InputEventAccessor;' in 'sun/awt/AWTAccessor')}
  0x000001ed498d1860: 48be 3019 | 8c61 ed01 | 0000 4883 | 86f8 0000 

  0x000001ed498d1870: ;   {metadata(method data for {method} {0x000001ed610f46e8} 'ensureClassInitialized' '(Ljava/lang/Class;)V' in 'sun/awt/AWTAccessor')}
  0x000001ed498d1870: 0001 48be | e8a0 4761 | ed01 0000 | 8bbe 9000 | 0000 83c7 | 0289 be90 | 0000 0081 | e7fe ff1f 
  0x000001ed498d1890: 0085 ff0f | 847a 1400 

  0x000001ed498d1898: ;   {metadata(method data for {method} {0x000001ed610f46e8} 'ensureClassInitialized' '(Ljava/lang/Class;)V' in 'sun/awt/AWTAccessor')}
  0x000001ed498d1898: 0048 bee8 | a047 61ed | 0100 0048 | 8386 d800 

  0x000001ed498d18a8: ;   {metadata(method data for {method} {0x000000000d479750} 'lookup' '()Ljava/lang/invoke/MethodHandles$Lookup;' in 'java/lang/invoke/MethodHandles')}
  0x000001ed498d18a8: 0000 0148 | be60 a247 | 61ed 0100 | 008b be90 | 0000 0083 | c702 89be | 9000 0000 | 81e7 feff 
  0x000001ed498d18c8: 1f00 85ff | 0f84 6214 

  0x000001ed498d18d0: ;   {metadata(method data for {method} {0x000000000d479750} 'lookup' '()Ljava/lang/invoke/MethodHandles$Lookup;' in 'java/lang/invoke/MethodHandles')}
  0x000001ed498d18d0: 0000 48be | 60a2 4761 | ed01 0000 | 4883 86d8 | 0000 0001 

  0x000001ed498d18e4: ;   {static_call}
  0x000001ed498d18e4: 6666 90e8 

  0x000001ed498d18e8: ; ImmutableOopMap {[168]=Oop }
                      ;*invokestatic getCallerClass {reexecute=0 rethrow=0 return_oop=0}
                      ; - java.lang.invoke.MethodHandles::lookup@0 (line 125)
                      ; - sun.awt.AWTAccessor::ensureClassInitialized@0 (line 1464)
                      ; - sun.awt.AWTAccessor::getInputEventAccessor@10 (line 963)
                      ; - java.awt.AWTEvent::dispatched@7 (line 571)
                      ; - java.awt.EventQueue::dispatchEventImpl@45 (line 726)
  0x000001ed498d18e8: f4da 4207 

  0x000001ed498d18ec: ;   {post_call_nop}
  0x000001ed498d18ec: 0f1f 8400 | 6408 0001 | 4c8b c04d 

  0x000001ed498d18f8: ;   {metadata(method data for {method} {0x000000000d479750} 'lookup' '()Ljava/lang/invoke/MethodHandles$Lookup;' in 'java/lang/invoke/MethodHandles')}
  0x000001ed498d18f8: 85c0 48ba | 60a2 4761 | ed01 0000 | bef8 0000 | 0074 05be | e800 0000 | 488b 3c32 | 488d 7f01 
  0x000001ed498d1918: 4889 3c32 | 0f84 0d11 

  0x000001ed498d1920: ;   {metadata('java/lang/invoke/MethodHandles$Lookup')}
  0x000001ed498d1920: 0000 48ba | 20c1 200d | 0000 0000 | 498b 87c8 | 0100 0048 | 8d78 2049 | 3bbf d801 | 0000 0f87 
  0x000001ed498d1940: 1114 0000 | 4989 bfc8 | 0100 0048 | c700 0100 | 0000 488b | ca41 ba00 | 0000 0d49 | 2bca 8948 
  0x000001ed498d1960: 0848 33c9 | 8948 0c48 | 33c9 4889 | 4810 4889 | 4818 4c8b 

  0x000001ed498d1974: ;   {metadata(method data for {method} {0x000000000d479750} 'lookup' '()Ljava/lang/invoke/MethodHandles$Lookup;' in 'java/lang/invoke/MethodHandles')}
  0x000001ed498d1974: c848 bf60 | a247 61ed | 0100 0048 | 8387 1801 

  0x000001ed498d1984: ;   {metadata(method data for {method} {0x000000000d47da00} '<init>' '(Ljava/lang/Class;)V' in 'java/lang/invoke/MethodHandles$Lookup')}
  0x000001ed498d1984: 0000 0149 | b9c0 a347 | 61ed 0100 | 0041 8bb9 | 9000 0000 | 83c7 0241 | 89b9 9000 | 0000 81e7 
  0x000001ed498d19a4: feff 1f00 | 85ff 0f84 | b213 0000 

  0x000001ed498d19b0: ;   {metadata(method data for {method} {0x000000000d47da00} '<init>' '(Ljava/lang/Class;)V' in 'java/lang/invoke/MethodHandles$Lookup')}
  0x000001ed498d19b0: 4c8b c848 | bfc0 a347 | 61ed 0100 | 0048 8387 | d800 0000 

  0x000001ed498d19c4: ;   {oop(nullptr)}
  0x000001ed498d19c4: 0149 b900 | 0000 0000 | 0000 00bf | 5f00 0000 | 488b d048 | 8984 24b0 

  0x000001ed498d19dc: ;   {optimized virtual_call}
  0x000001ed498d19dc: 0000 00e8 

  0x000001ed498d19e0: ; ImmutableOopMap {[168]=Oop [176]=Oop }
                      ;*invokespecial <init> {reexecute=0 rethrow=0 return_oop=0}
                      ; - java.lang.invoke.MethodHandles$Lookup::<init>@5 (line 1533)
                      ; - java.lang.invoke.MethodHandles::lookup@23 (line 129)
                      ; - sun.awt.AWTAccessor::ensureClassInitialized@0 (line 1464)
                      ; - sun.awt.AWTAccessor::getInputEventAccessor@10 (line 963)
                      ; - java.awt.AWTEvent::dispatched@7 (line 571)
                      ; - java.awt.EventQueue::dispatchEventImpl@45 (line 726)
  0x000001ed498d19e0: fcd3 4207 

  0x000001ed498d19e4: ;   {post_call_nop}
  0x000001ed498d19e4: 0f1f 8400 | 5c09 0002 | 488b 8424 | b000 0000 

  0x000001ed498d19f4: ;   {metadata(method data for {method} {0x000001ed610f46e8} 'ensureClassInitialized' '(Ljava/lang/Class;)V' in 'sun/awt/AWTAccessor')}
  0x000001ed498d19f4: 4c8b c048 | bae8 a047 | 61ed 0100 | 0045 8b40 | 0841 ba00 | 0000 0d4d | 03c2 4c3b | 82f0 0000 
  0x000001ed498d1a14: 0075 0d48 | 8382 f800 | 0000 01e9 | 6000 0000 | 4c3b 8200 | 0100 0075 | 0d48 8382 | 0801 0000 
  0x000001ed498d1a34: 01e9 4a00 | 0000 4883 | baf0 0000 | 0000 7517 | 4c89 82f0 | 0000 0048 | c782 f800 | 0000 0100 
  0x000001ed498d1a54: 0000 e929 | 0000 0048 | 83ba 0001 | 0000 0075 | 174c 8982 | 0001 0000 | 48c7 8208 | 0100 0001 
  0x000001ed498d1a74: 0000 00e9 | 0800 0000 | 4883 82e8 | 0000 0001 

  0x000001ed498d1a84: ;   {oop(a 'java/lang/Class'{0x0000000715687b98} = 'java/awt/event/InputEvent')}
  0x000001ed498d1a84: 49b8 987b | 6815 0700 | 0000 488b | d066 0f1f 

  0x000001ed498d1a94: ;   {optimized virtual_call}
  0x000001ed498d1a94: 4400 00e8 

  0x000001ed498d1a98: ; ImmutableOopMap {[168]=Oop }
                      ;*invokevirtual ensureInitialized {reexecute=0 rethrow=0 return_oop=0}
                      ; - sun.awt.AWTAccessor::ensureClassInitialized@4 (line 1464)
                      ; - sun.awt.AWTAccessor::getInputEventAccessor@10 (line 963)
                      ; - java.awt.AWTEvent::dispatched@7 (line 571)
                      ; - java.awt.EventQueue::dispatchEventImpl@45 (line 726)
  0x000001ed498d1a98: 44d3 4207 

  0x000001ed498d1a9c: ;   {post_call_nop}
  0x000001ed498d1a9c: 0f1f 8400 | 140a 0003 

  0x000001ed498d1aa4: ;   {metadata(method data for {method} {0x000001ed610f46e8} 'ensureClassInitialized' '(Ljava/lang/Class;)V' in 'sun/awt/AWTAccessor')}
  0x000001ed498d1aa4: 48ba e8a0 | 4761 ed01 | 0000 ff82 | 1801 0000 | e93b 1000 | 004d 85c9 

  0x000001ed498d1abc: ;   {metadata(method data for {method} {0x000001ed61181e60} 'dispatchEventImpl' '(Ljava/awt/AWTEvent;Ljava/lang/Object;)V' in 'java/awt/EventQueue')}
  0x000001ed498d1abc: 48bb e810 | 8c61 ed01 | 0000 750c | 808b c102 | 0000 01e9 | a800 0000 | 418b 4108 | 41ba 0000 
  0x000001ed498d1adc: 000d 4903 | c248 3b83 | d002 0000 | 750d 4883 | 83d8 0200 | 0001 e960 | 0000 0048 | 3b83 e002 
  0x000001ed498d1afc: 0000 750d | 4883 83e8 | 0200 0001 | e94a 0000 | 0048 83bb | d002 0000 | 0075 1748 | 8983 d002 
  0x000001ed498d1b1c: 0000 48c7 | 83d8 0200 | 0001 0000 | 00e9 2900 | 0000 4883 | bbe0 0200 | 0000 7517 | 4889 83e0 
  0x000001ed498d1b3c: 0200 0048 | c783 e802 | 0000 0100 | 0000 e908 | 0000 0048 | 8383 c802 

  0x000001ed498d1b54: ;   {metadata('java/awt/MenuComponent')}
  0x000001ed498d1b54: 0000 0148 | b808 2116 | 0e00 0000 | 0041 8b79 | 0841 ba00 | 0000 0d49 | 03fa 483b | c70f 8505 
  0x000001ed498d1b74: 0000 00e9 | 0500 0000 | 4833 f6eb | 05be 0100 | 0000 85f6 

  0x000001ed498d1b88: ;   {metadata(method data for {method} {0x000001ed61181e60} 'dispatchEventImpl' '(Ljava/awt/AWTEvent;Ljava/lang/Object;)V' in 'java/awt/EventQueue')}
  0x000001ed498d1b88: 48be e810 | 8c61 ed01 | 0000 bf08 | 0300 0075 | 05bf f802 | 0000 488b | 1c3e 488d | 5b01 4889 
  0x000001ed498d1ba8: 1c3e 0f85 | 000b 0000 

  0x000001ed498d1bb0: ;   {metadata(method data for {method} {0x000001ed61181e60} 'dispatchEventImpl' '(Ljava/awt/AWTEvent;Ljava/lang/Object;)V' in 'java/awt/EventQueue')}
  0x000001ed498d1bb0: 4d85 c948 | bbe8 108c | 61ed 0100 | 0075 0c80 | 8b89 0300 | 0001 e9d1 | 0000 0041 | 8b41 0841 
  0x000001ed498d1bd0: ba00 0000 | 0d49 03c2 | 483b 8398 | 0300 0075 | 0d48 8383 | a003 0000 | 01e9 6000 | 0000 483b 
  0x000001ed498d1bf0: 83a8 0300 | 0075 0d48 | 8383 b003 | 0000 01e9 | 4a00 0000 | 4883 bb98 | 0300 0000 | 7517 4889 
  0x000001ed498d1c10: 8398 0300 | 0048 c783 | a003 0000 | 0100 0000 | e929 0000 | 0048 83bb | a803 0000 | 0075 1748 
  0x000001ed498d1c30: 8983 a803 | 0000 48c7 | 83b0 0300 | 0001 0000 | 00e9 0800 | 0000 4883 | 8390 0300 | 0001 6690 
  0x000001ed498d1c50: ;   {other}
  0x000001ed498d1c50: e93d 1100 | 0000 0000 | 0000 418b | 5908 41ba | 0000 000d | 4903 da48 | 3bd8 0f84 | 3100 0000 
  0x000001ed498d1c70: 8b78 1448 | 3b04 3b0f | 8424 0000 | 0083 ff20 | 0f85 1600 | 0000 5350 

  0x000001ed498d1c88: ;   {runtime_call C1 Runtime slow_subtype_check_blob}
  0x000001ed498d1c88: e853 9c4f | 075b 5885 | c00f 8405 | 0000 00e9 | 0500 0000 | 4833 f6eb | 05be 0100 | 0000 85f6 
  0x000001ed498d1ca8: ;   {metadata(method data for {method} {0x000001ed61181e60} 'dispatchEventImpl' '(Ljava/awt/AWTEvent;Ljava/lang/Object;)V' in 'java/awt/EventQueue')}
  0x000001ed498d1ca8: 48be e810 | 8c61 ed01 | 0000 bfd0 | 0300 0075 | 05bf c003 | 0000 488b | 1c3e 488d | 5b01 4889 
  0x000001ed498d1cc8: 1c3e 0f85 | aa08 0000 

  0x000001ed498d1cd0: ;   {metadata(method data for {method} {0x000001ed61181e60} 'dispatchEventImpl' '(Ljava/awt/AWTEvent;Ljava/lang/Object;)V' in 'java/awt/EventQueue')}
  0x000001ed498d1cd0: 4d85 c948 | bbe8 108c | 61ed 0100 | 0075 0c80 | 8b51 0400 | 0001 e9a8 | 0000 0041 | 8b41 0841 
  0x000001ed498d1cf0: ba00 0000 | 0d49 03c2 | 483b 8360 | 0400 0075 | 0d48 8383 | 6804 0000 | 01e9 6000 | 0000 483b 
  0x000001ed498d1d10: 8370 0400 | 0075 0d48 | 8383 7804 | 0000 01e9 | 4a00 0000 | 4883 bb60 | 0400 0000 | 7517 4889 
  0x000001ed498d1d30: 8360 0400 | 0048 c783 | 6804 0000 | 0100 0000 | e929 0000 | 0048 83bb | 7004 0000 | 0075 1748 
  0x000001ed498d1d50: 8983 7004 | 0000 48c7 | 8378 0400 | 0001 0000 | 00e9 0800 | 0000 4883 | 8358 0400 

  0x000001ed498d1d6c: ;   {metadata('sun/awt/AWTAutoShutdown')}
  0x000001ed498d1d6c: 0001 48b8 | 1009 060e | 0000 0000 | 418b 7908 | 41ba 0000 | 000d 4903 | fa48 3bc7 | 0f85 0500 
  0x000001ed498d1d8c: 0000 e905 | 0000 0048 | 33f6 eb05 | be01 0000 

  0x000001ed498d1d9c: ;   {metadata(method data for {method} {0x000001ed61181e60} 'dispatchEventImpl' '(Ljava/awt/AWTEvent;Ljava/lang/Object;)V' in 'java/awt/EventQueue')}
  0x000001ed498d1d9c: 0085 f648 | bee8 108c | 61ed 0100 | 00bf 8804 | 0000 7405 | bf98 0400 | 0048 8b1c | 3e48 8d5b 
  0x000001ed498d1dbc: 0148 891c | 3e0f 8444 | 0100 0048 

  0x000001ed498d1dc8: ;   {metadata(method data for {method} {0x000001ed61181e60} 'dispatchEventImpl' '(Ljava/awt/AWTEvent;Ljava/lang/Object;)V' in 'java/awt/EventQueue')}
  0x000001ed498d1dc8: 8bf2 48bf | e810 8c61 | ed01 0000 | 4883 87a8 | 0400 0001 

  0x000001ed498d1ddc: ;   {metadata(method data for {method} {0x000001ed61181498} 'noEvents' '()Z' in 'java/awt/EventQueue')}
  0x000001ed498d1ddc: 48be 781b | 8c61 ed01 | 0000 8bbe | 9000 0000 | 83c7 0289 | be90 0000 | 0081 e7fe | ff1f 0085 
  0x000001ed498d1dfc: ff0f 8499 | 0f00 00be | 0000 0000 | e990 0000 | 0066 6690 | 8b7a 2048 | c1e7 033b | 770c 0f83 
  0x000001ed498d1e1c: a70f 0000 | 4863 de8b | 7c9f 1048 | c1e7 038b | 7f0c 48c1 | e703 4885 

  0x000001ed498d1e34: ;   {metadata(method data for {method} {0x000001ed61181498} 'noEvents' '()Z' in 'java/awt/EventQueue')}
  0x000001ed498d1e34: ff48 bf78 | 1b8c 61ed | 0100 00bb | 0801 0000 | 7505 bbf8 | 0000 0048 | 8b04 1f48 | 8d40 0148 
  0x000001ed498d1e54: 8904 1f0f | 8570 0000 

  0x000001ed498d1e5c: ;   {metadata(method data for {method} {0x000001ed61181498} 'noEvents' '()Z' in 'java/awt/EventQueue')}
  0x000001ed498d1e5c: 00ff c648 | bf78 1b8c | 61ed 0100 | 008b 9f94 | 0000 0083 | c302 899f | 9400 0000 | 81e3 fe3f 
  0x000001ed498d1e7c: 0000 85db | 0f84 540f | 0000 4d8b 

  0x000001ed498d1e88: ; ImmutableOopMap {rdx=Oop }
                      ;*goto {reexecute=1 rethrow=0 return_oop=0}
                      ; - (reexecute) java.awt.EventQueue::noEvents@24 (line 520)
                      ; - java.awt.EventQueue::dispatchEventImpl@95 (line 732)
                      ;   {poll}
  0x000001ed498d1e88: 5730 4185 

  0x000001ed498d1e8c: ;   {metadata(method data for {method} {0x000001ed61181498} 'noEvents' '()Z' in 'java/awt/EventQueue')}
  0x000001ed498d1e8c: 0248 bf78 | 1b8c 61ed | 0100 00ff | 8718 0100 | 0083 fe04 

  0x000001ed498d1ea0: ;   {metadata(method data for {method} {0x000001ed61181498} 'noEvents' '()Z' in 'java/awt/EventQueue')}
  0x000001ed498d1ea0: 48bf 781b | 8c61 ed01 | 0000 bbd8 | 0000 007d | 05bb e800 | 0000 488b | 041f 488d | 4001 4889 
  0x000001ed498d1ec0: 041f 0f8d | 0f00 0000 | e943 ffff | ffbe 0000 | 0000 e905 | 0000 00be | 0100 0000 

  0x000001ed498d1edc: ;   {metadata(method data for {method} {0x000001ed61181e60} 'dispatchEventImpl' '(Ljava/awt/AWTEvent;Ljava/lang/Object;)V' in 'java/awt/EventQueue')}
  0x000001ed498d1edc: 85f6 48be | e810 8c61 | ed01 0000 | bfd8 0400 | 0074 05bf | e804 0000 | 488b 1c3e | 488d 5b01 
  0x000001ed498d1efc: 4889 1c3e | 0f84 630d | 0000 e9e4 

  0x000001ed498d1f08: ;   {metadata(method data for {method} {0x000001ed61181e60} 'dispatchEventImpl' '(Ljava/awt/AWTEvent;Ljava/lang/Object;)V' in 'java/awt/EventQueue')}
  0x000001ed498d1f08: 0500 0048 | bae8 108c | 61ed 0100 | 0048 8382 | 4005 0000 

  0x000001ed498d1f1c: ;   {metadata(method data for {method} {0x000001ed61180268} 'getEventLog' '()Lsun/util/logging/PlatformLogger;' in 'java/awt/EventQueue')}
  0x000001ed498d1f1c: 0148 bae8 | 1d8c 61ed | 0100 008b | b290 0000 | 0083 c602 | 89b2 9000 | 0000 81e6 | feff 1f00 
  0x000001ed498d1f3c: 85f6 0f84 | b70e 0000 

  0x000001ed498d1f44: ;   {oop(a 'java/lang/Class'{0x00000007156af978} = 'java/awt/EventQueue')}
  0x000001ed498d1f44: 48ba 78f9 | 6a15 0700 | 0000 8b92 | 8000 0000 | 48c1 e203 

  0x000001ed498d1f58: ;   {metadata(method data for {method} {0x000001ed61180268} 'getEventLog' '()Lsun/util/logging/PlatformLogger;' in 'java/awt/EventQueue')}
  0x000001ed498d1f58: 4885 d248 | bae8 1d8c | 61ed 0100 | 00be d800 | 0000 7505 | bee8 0000 | 0048 8b3c | 3248 8d7f 
  0x000001ed498d1f78: 0148 893c | 320f 8568 

  0x000001ed498d1f80: ;   {metadata(method data for {method} {0x000001ed61180268} 'getEventLog' '()Lsun/util/logging/PlatformLogger;' in 'java/awt/EventQueue')}
  0x000001ed498d1f80: 0000 0048 | bae8 1d8c | 61ed 0100 | 0048 8382 | f800 0000 

  0x000001ed498d1f94: ;   {oop("java.awt.event.EventQueue"{0x0000000715400198})}
  0x000001ed498d1f94: 0148 ba98 | 0140 1507 

  0x000001ed498d1f9c: ;   {static_call}
  0x000001ed498d1f9c: 0000 00e8 

  0x000001ed498d1fa0: ; ImmutableOopMap {[168]=Oop }
                      ;*invokestatic getLogger {reexecute=0 rethrow=0 return_oop=0}
                      ; - java.awt.EventQueue::getEventLog@8 (line 181)
                      ; - java.awt.EventQueue::dispatchEventImpl@111 (line 736)
  0x000001ed498d1fa0: 3cd4 4207 

  0x000001ed498d1fa4: ;   {post_call_nop}
  0x000001ed498d1fa4: 0f1f 8400 | 1c0f 0005 

  0x000001ed498d1fac: ;   {oop(a 'java/lang/Class'{0x00000007156af978} = 'java/awt/EventQueue')}
  0x000001ed498d1fac: 49b8 78f9 | 6a15 0700 | 0000 410f | be57 4885 | d20f 8559 | 0e00 004c | 8bd0 49c1 | ea03 4589 
  0x000001ed498d1fcc: 9080 0000 | 00f0 8344 | 24c0 0049 | 8bd0 4833 | d048 c1ea | 1548 83fa | 000f 8554 

  0x000001ed498d1fe8: ;   {oop(a 'java/lang/Class'{0x00000007156af978} = 'java/awt/EventQueue')}
  0x000001ed498d1fe8: 0e00 0049 | b878 f96a | 1507 0000 | 0045 8b80 | 8000 0000 | 49c1 e003 

  0x000001ed498d2000: ; implicit exception: dispatches to 0x000001ed498d2e57
  0x000001ed498d2000: 493b 0049 

  0x000001ed498d2004: ;   {metadata(method data for {method} {0x000001ed61181e60} 'dispatchEventImpl' '(Ljava/awt/AWTEvent;Ljava/lang/Object;)V' in 'java/awt/EventQueue')}
  0x000001ed498d2004: 8bd0 48be | e810 8c61 | ed01 0000 

  0x000001ed498d2010: ;   {metadata('sun/util/logging/PlatformLogger')}
  0x000001ed498d2010: 49ba 2083 | 010e 0000 | 0000 4c89 | 9658 0500 | 0048 8386 | 6005 0000 

  0x000001ed498d2028: ;   {metadata(method data for {method} {0x000001ed610c5070} 'isLoggable' '(Lsun/util/logging/PlatformLogger$Level;)Z' in 'sun/util/logging/PlatformLogger')}
  0x000001ed498d2028: 0148 ba00 | be4f 61ed | 0100 008b | b290 0000 | 0083 c602 | 89b2 9000 | 0000 81e6 | feff 1f00 
  0x000001ed498d2048: 85f6 0f84 | 0c0e 0000 

  0x000001ed498d2050: ;   {metadata(method data for {method} {0x000001ed610c5070} 'isLoggable' '(Lsun/util/logging/PlatformLogger$Level;)Z' in 'sun/util/logging/PlatformLogger')}
  0x000001ed498d2050: 48ba 00be | 4f61 ed01 | 0000 ff82 | d800 0000 | 418b 500c | 48c1 e203 

  0x000001ed498d2068: ; implicit exception: dispatches to 0x000001ed498d2e7d
  0x000001ed498d2068: 483b 024c 

  0x000001ed498d206c: ;   {metadata(method data for {method} {0x000001ed610c5070} 'isLoggable' '(Lsun/util/logging/PlatformLogger$Level;)Z' in 'sun/util/logging/PlatformLogger')}
  0x000001ed498d206c: 8bc2 48be | 00be 4f61 | ed01 0000 | 458b 4008 | 41ba 0000 | 000d 4d03 | c24c 3b86 | 1001 0000 
  0x000001ed498d208c: 750d 4883 | 8618 0100 | 0001 e960 | 0000 004c | 3b86 2001 | 0000 750d | 4883 8628 | 0100 0001 
  0x000001ed498d20ac: e94a 0000 | 0048 83be | 1001 0000 | 0075 174c | 8986 1001 | 0000 48c7 | 8618 0100 | 0001 0000 
  0x000001ed498d20cc: 00e9 2900 | 0000 4883 | be20 0100 | 0000 7517 | 4c89 8620 | 0100 0048 | c786 2801 | 0000 0100 
  0x000001ed498d20ec: 0000 e908 | 0000 0048 | 8386 0801 

  0x000001ed498d20f8: ;   {oop(a 'sun/util/logging/PlatformLogger$Level'{0x0000000715624508})}
  0x000001ed498d20f8: 0000 0149 | b808 4562 | 1507 0000 | 0048 b8e8 | 4259 65ed 

  0x000001ed498d210c: ;   {virtual_call}
  0x000001ed498d210c: 0100 00e8 

  0x000001ed498d2110: ; ImmutableOopMap {[168]=Oop }
                      ;*invokeinterface isLoggable {reexecute=0 rethrow=0 return_oop=0}
                      ; - sun.util.logging.PlatformLogger::isLoggable@17 (line 340)
                      ; - java.awt.EventQueue::dispatchEventImpl@117 (line 736)
  0x000001ed498d2110: cccf 4207 

  0x000001ed498d2114: ;   {post_call_nop}
  0x000001ed498d2114: 0f1f 8400 | 8c10 0006 | 83e0 0185 

  0x000001ed498d2120: ;   {metadata(method data for {method} {0x000001ed61181e60} 'dispatchEventImpl' '(Ljava/awt/AWTEvent;Ljava/lang/Object;)V' in 'java/awt/EventQueue')}
  0x000001ed498d2120: c048 bae8 | 108c 61ed | 0100 00be | 8005 0000 | 7405 be90 | 0500 0048 | 8b3c 3248 | 8d7f 0148 
  0x000001ed498d2140: 893c 320f | 8420 0b00 

  0x000001ed498d2148: ;   {metadata(method data for {method} {0x000001ed61181e60} 'dispatchEventImpl' '(Ljava/awt/AWTEvent;Ljava/lang/Object;)V' in 'java/awt/EventQueue')}
  0x000001ed498d2148: 0048 bae8 | 108c 61ed | 0100 0048 | 8382 a005 

  0x000001ed498d2158: ;   {metadata(method data for {method} {0x000001ed61180268} 'getEventLog' '()Lsun/util/logging/PlatformLogger;' in 'java/awt/EventQueue')}
  0x000001ed498d2158: 0000 0148 | bae8 1d8c | 61ed 0100 | 008b b290 | 0000 0083 | c602 89b2 | 9000 0000 | 81e6 feff 
  0x000001ed498d2178: 1f00 85f6 | 0f84 000d 

  0x000001ed498d2180: ;   {oop(a 'java/lang/Class'{0x00000007156af978} = 'java/awt/EventQueue')}
  0x000001ed498d2180: 0000 48ba | 78f9 6a15 | 0700 0000 | 8b92 8000 | 0000 48c1 | e203 4885 

  0x000001ed498d2198: ;   {metadata(method data for {method} {0x000001ed61180268} 'getEventLog' '()Lsun/util/logging/PlatformLogger;' in 'java/awt/EventQueue')}
  0x000001ed498d2198: d248 bae8 | 1d8c 61ed | 0100 00be | d800 0000 | 7505 bee8 | 0000 0048 | 8b3c 3248 | 8d7f 0148 
  0x000001ed498d21b8: 893c 320f | 856a 0000 

  0x000001ed498d21c0: ;   {metadata(method data for {method} {0x000001ed61180268} 'getEventLog' '()Lsun/util/logging/PlatformLogger;' in 'java/awt/EventQueue')}
  0x000001ed498d21c0: 0048 bae8 | 1d8c 61ed | 0100 0048 | 8382 f800 

  0x000001ed498d21d0: ;   {oop("java.awt.event.EventQueue"{0x0000000715400198})}
  0x000001ed498d21d0: 0000 0148 | ba98 0140 | 1507 0000 

  0x000001ed498d21dc: ;   {static_call}
  0x000001ed498d21dc: 0066 90e8 

  0x000001ed498d21e0: ; ImmutableOopMap {[168]=Oop }
                      ;*invokestatic getLogger {reexecute=0 rethrow=0 return_oop=0}
                      ; - java.awt.EventQueue::getEventLog@8 (line 181)
                      ; - java.awt.EventQueue::dispatchEventImpl@123 (line 737)
  0x000001ed498d21e0: fcd1 4207 

  0x000001ed498d21e4: ;   {post_call_nop}
  0x000001ed498d21e4: 0f1f 8400 | 5c11 0007 

  0x000001ed498d21ec: ;   {oop(a 'java/lang/Class'{0x00000007156af978} = 'java/awt/EventQueue')}
  0x000001ed498d21ec: 48ba 78f9 | 6a15 0700 | 0000 410f | be77 4885 | f60f 85a0 | 0c00 004c | 8bd0 49c1 | ea03 4489 
  0x000001ed498d220c: 9280 0000 | 00f0 8344 | 24c0 0048 | 8bf2 4833 | f048 c1ee | 1548 83fe | 000f 859a 

  0x000001ed498d2228: ;   {oop(a 'java/lang/Class'{0x00000007156af978} = 'java/awt/EventQueue')}
  0x000001ed498d2228: 0c00 0048 | ba78 f96a | 1507 0000 | 008b b280 | 0000 0048 | c1e6 0348 | 89b4 24b8 | 0000 004c 
  0x000001ed498d2248: 8b84 24a8 

  0x000001ed498d224c: ;   {metadata(method data for {method} {0x000001ed61181e60} 'dispatchEventImpl' '(Ljava/awt/AWTEvent;Ljava/lang/Object;)V' in 'java/awt/EventQueue')}
  0x000001ed498d224c: 0000 0048 | bae8 108c | 61ed 0100 | 0048 8382 | b005 0000 

  0x000001ed498d2260: ;   {metadata(method data for {method} {0x000000000d4b09b0} 'valueOf' '(Ljava/lang/Object;)Ljava/lang/String;' in 'java/lang/String')}
  0x000001ed498d2260: 0148 bab0 | 1729 61ed | 0100 008b | ba90 0000 | 0083 c702 | 89ba 9000 | 0000 81e7 | feff 1f00 
  0x000001ed498d2280: 85ff 0f84 | 550c 0000 

  0x000001ed498d2288: ;   {metadata(method data for {method} {0x000000000d4b09b0} 'valueOf' '(Ljava/lang/Object;)Ljava/lang/String;' in 'java/lang/String')}
  0x000001ed498d2288: 4d85 c048 | bab0 1729 | 61ed 0100 | 00bf d800 | 0000 7505 | bfe8 0000 | 0048 8b1c | 3a48 8d5b 
  0x000001ed498d22a8: 0148 891c | 3a0f 851f 

  0x000001ed498d22b0: ;   {metadata(method data for {method} {0x000000000d4b09b0} 'valueOf' '(Ljava/lang/Object;)Ljava/lang/String;' in 'java/lang/String')}
  0x000001ed498d22b0: 0000 0048 | bab0 1729 | 61ed 0100 | 00ff 82f8 

  0x000001ed498d22c0: ;   {oop("null"{0x00000007ffe3a5f0})}
  0x000001ed498d22c0: 0000 0048 | bff0 a5e3 | ff07 0000 | 00e9 a500 | 0000 498b 

  0x000001ed498d22d4: ;   {metadata(method data for {method} {0x000000000d4b09b0} 'valueOf' '(Ljava/lang/Object;)Ljava/lang/String;' in 'java/lang/String')}
  0x000001ed498d22d4: d048 bfb0 | 1729 61ed | 0100 008b | 5208 41ba | 0000 000d | 4903 d248 | 3b97 1801 | 0000 750d 
  0x000001ed498d22f4: 4883 8720 | 0100 0001 | e960 0000 | 0048 3b97 | 2801 0000 | 750d 4883 | 8730 0100 | 0001 e94a 
  0x000001ed498d2314: 0000 0048 | 83bf 1801 | 0000 0075 | 1748 8997 | 1801 0000 | 48c7 8720 | 0100 0001 | 0000 00e9 
  0x000001ed498d2334: 2900 0000 | 4883 bf28 | 0100 0000 | 7517 4889 | 9728 0100 | 0048 c787 | 3001 0000 | 0100 0000 
  0x000001ed498d2354: e908 0000 | 0048 8387 | 1001 0000 | 0149 8bd0 

  0x000001ed498d2364: ;   {optimized virtual_call}
  0x000001ed498d2364: 6666 90e8 

  0x000001ed498d2368: ; ImmutableOopMap {[184]=Oop }
                      ;*invokevirtual toString {reexecute=0 rethrow=0 return_oop=0}
                      ; - java.lang.String::valueOf@11 (line 4530)
                      ; - java.awt.EventQueue::dispatchEventImpl@127 (line 737)
  0x000001ed498d2368: 74ca 4207 

  0x000001ed498d236c: ;   {post_call_nop}
  0x000001ed498d236c: 0f1f 8400 | e412 0008 | 488b f890 

  0x000001ed498d2378: ;   {other}
  0x000001ed498d2378: e990 0b00 | 0090 9090 | 9090 488b 

  0x000001ed498d2384: ;   {static_call}
  0x000001ed498d2384: d766 90e8 

  0x000001ed498d2388: ; ImmutableOopMap {[184]=Oop }
                      ;*invokedynamic {reexecute=0 rethrow=0 return_oop=0}
                      ; - java.awt.EventQueue::dispatchEventImpl@130 (line 737)
  0x000001ed498d2388: 54d0 4207 

  0x000001ed498d238c: ;   {post_call_nop}
  0x000001ed498d238c: 0f1f 8400 | 0413 0009 

  0x000001ed498d2394: ;   {metadata(method data for {method} {0x000001ed61181e60} 'dispatchEventImpl' '(Ljava/awt/AWTEvent;Ljava/lang/Object;)V' in 'java/awt/EventQueue')}
  0x000001ed498d2394: 49b8 e810 | 8c61 ed01 | 0000 4d8d | 80e0 0500 | 0048 85c0 | 750b 41f6 | 0001 7505 | f049 8308 
  0x000001ed498d23b4: 0148 8bb4 | 24b8 0000 | 0048 3b06 

  0x000001ed498d23c0: ;   {metadata(method data for {method} {0x000001ed61181e60} 'dispatchEventImpl' '(Ljava/awt/AWTEvent;Ljava/lang/Object;)V' in 'java/awt/EventQueue')}
  0x000001ed498d23c0: 4c8b c649 | b9e8 108c | 61ed 0100 

  0x000001ed498d23cc: ;   {metadata('sun/util/logging/PlatformLogger')}
  0x000001ed498d23cc: 0049 ba20 | 8301 0e00 | 0000 004d | 8991 f805 | 0000 4983 | 8100 0600 

  0x000001ed498d23e4: ;   {metadata(method data for {method} {0x000001ed610c5cc8} 'fine' '(Ljava/lang/String;)V' in 'sun/util/logging/PlatformLogger')}
  0x000001ed498d23e4: 0001 49b8 | 40b6 8b61 | ed01 0000 | 458b 8890 | 0000 0041 | 83c1 0245 | 8988 9000 | 0000 4181 
  0x000001ed498d2404: e1fe ff1f | 0045 85c9 | 0f84 0a0b | 0000 8b56 | 0c48 c1e2 | 0348 3b02 

  0x000001ed498d241c: ;   {metadata(method data for {method} {0x000001ed610c5cc8} 'fine' '(Ljava/lang/String;)V' in 'sun/util/logging/PlatformLogger')}
  0x000001ed498d241c: 4c8b c249 | b940 b68b | 61ed 0100 | 0045 8b40 | 0841 ba00 | 0000 0d4d | 03c2 4d3b | 8110 0100 
  0x000001ed498d243c: 0075 0d49 | 8381 1801 | 0000 01e9 | 6000 0000 | 4d3b 8120 | 0100 0075 | 0d49 8381 | 2801 0000 
  0x000001ed498d245c: 01e9 4a00 | 0000 4983 | b910 0100 | 0000 7517 | 4d89 8110 | 0100 0049 | c781 1801 | 0000 0100 
  0x000001ed498d247c: 0000 e929 | 0000 0049 | 83b9 2001 | 0000 0075 | 174d 8981 | 2001 0000 | 49c7 8128 | 0100 0001 
  0x000001ed498d249c: 0000 00e9 | 0800 0000 | 4983 8108 | 0100 0001 

  0x000001ed498d24ac: ;   {oop(a 'sun/util/logging/PlatformLogger$Level'{0x0000000715624508})}
  0x000001ed498d24ac: 49b8 0845 | 6215 0700 | 0000 4c8b 

  0x000001ed498d24b8: ;   {oop(nullptr)}
  0x000001ed498d24b8: c848 bf00 | 0000 0000 | 0000 0066 | 9048 b810 | 4359 65ed 

  0x000001ed498d24cc: ;   {virtual_call}
  0x000001ed498d24cc: 0100 00e8 

  0x000001ed498d24d0: ; ImmutableOopMap {}
                      ;*invokeinterface log {reexecute=0 rethrow=0 return_oop=0}
                      ; - sun.util.logging.PlatformLogger::fine@12 (line 449)
                      ; - java.awt.EventQueue::dispatchEventImpl@135 (line 737)
  0x000001ed498d24d0: 0ccc 4207 

  0x000001ed498d24d4: ;   {post_call_nop}
  0x000001ed498d24d4: 0f1f 8400 | 4c14 000a | 4881 c4d0 | 0000 005d 

  0x000001ed498d24e4: ;   {poll_return}
  0x000001ed498d24e4: 493b 6728 | 0f87 540a | 0000 c344 | 8b42 3449 | c1e0 0349 | 3b00 498b 

  0x000001ed498d24fc: ;   {metadata(method data for {method} {0x000001ed61181e60} 'dispatchEventImpl' '(Ljava/awt/AWTEvent;Ljava/lang/Object;)V' in 'java/awt/EventQueue')}
  0x000001ed498d24fc: d048 bee8 | 108c 61ed 

  0x000001ed498d2504: ;   {metadata('java/awt/EventDispatchThread')}
  0x000001ed498d2504: 0100 0049 | ba58 1d08 | 0e00 0000 | 004c 8996 | 0005 0000 | 4883 8608 | 0500 0001 

  0x000001ed498d2520: ;   {metadata(method data for {method} {0x000001ed61523e38} 'stopDispatching' '()V' in 'java/awt/EventDispatchThread')}
  0x000001ed498d2520: 48ba e81c | 8c61 ed01 | 0000 8bb2 | 9000 0000 | 83c6 0289 | b290 0000 | 0081 e6fe | ff1f 0085 
  0x000001ed498d2540: f60f 8416 | 0a00 00ba | 0000 0000 | 4188 5078 | f083 4424 

  0x000001ed498d2554: ;   {metadata(method data for {method} {0x000001ed61181e60} 'dispatchEventImpl' '(Ljava/awt/AWTEvent;Ljava/lang/Object;)V' in 'java/awt/EventQueue')}
  0x000001ed498d2554: c000 49b8 | e810 8c61 | ed01 0000 | 41ff 8028 | 0500 0048 | 81c4 d000 

  0x000001ed498d256c: ;   {poll_return}
  0x000001ed498d256c: 0000 5d49 | 3b67 280f | 8705 0a00 | 00c3 4c8b | 8424 a800 | 0000 4d85 

  0x000001ed498d2584: ;   {metadata(method data for {method} {0x000001ed61181e60} 'dispatchEventImpl' '(Ljava/awt/AWTEvent;Ljava/lang/Object;)V' in 'java/awt/EventQueue')}
  0x000001ed498d2584: c948 bfe8 | 108c 61ed | 0100 0075 | 0c80 8fd9 | 0300 0001 | e9cf 0000 | 0041 8b59 | 0841 ba00 
  0x000001ed498d25a4: 0000 0d49 | 03da 483b | 9fe8 0300 | 0075 0d48 | 8387 f003 | 0000 01e9 | 6000 0000 | 483b 9ff8 
  0x000001ed498d25c4: 0300 0075 | 0d48 8387 | 0004 0000 | 01e9 4a00 | 0000 4883 | bfe8 0300 | 0000 7517 | 4889 9fe8 
  0x000001ed498d25e4: 0300 0048 | c787 f003 | 0000 0100 | 0000 e929 | 0000 0048 | 83bf f803 | 0000 0075 | 1748 899f 
  0x000001ed498d2604: f803 0000 | 48c7 8700 | 0400 0001 | 0000 00e9 | 0800 0000 | 4883 87e0 | 0300 0001 

  0x000001ed498d2620: ;   {other}
  0x000001ed498d2620: e97e 0900 | 0000 0000 | 0000 418b | 7908 41ba | 0000 000d | 4903 fa48 | 3bfb 0f84 | 2c00 0000 
  0x000001ed498d2640: 8b73 1448 | 3b1c 370f | 841f 0000 | 0083 fe20 | 0f85 5709 | 0000 5753 

  0x000001ed498d2658: ;   {runtime_call C1 Runtime slow_subtype_check_blob}
  0x000001ed498d2658: e883 924f | 075f 5b85 | db0f 8446 | 0900 00e9 | 0000 0000 | 498b d166 | 0f1f 4400 | 0048 b838 
  0x000001ed498d2678: 4359 65ed 

  0x000001ed498d267c: ;   {virtual_call}
  0x000001ed498d267c: 0100 00e8 

  0x000001ed498d2680: ; ImmutableOopMap {}
                      ;*invokevirtual dispatchEvent {reexecute=0 rethrow=0 return_oop=0}
                      ; - java.awt.EventQueue::dispatchEventImpl@81 (line 730)
  0x000001ed498d2680: 5cca 4207 

  0x000001ed498d2684: ;   {post_call_nop}
  0x000001ed498d2684: 0f1f 8400 | fc15 000b 

  0x000001ed498d268c: ;   {metadata(method data for {method} {0x000001ed61181e60} 'dispatchEventImpl' '(Ljava/awt/AWTEvent;Ljava/lang/Object;)V' in 'java/awt/EventQueue')}
  0x000001ed498d268c: 49b8 e810 | 8c61 ed01 | 0000 41ff | 8040 0400 | 0048 81c4 | d000 0000 

  0x000001ed498d26a4: ;   {poll_return}
  0x000001ed498d26a4: 5d49 3b67 | 280f 8707 | 0900 00c3 | 4c8b 8424 | a800 0000 

  0x000001ed498d26b8: ;   {metadata(method data for {method} {0x000001ed61181e60} 'dispatchEventImpl' '(Ljava/awt/AWTEvent;Ljava/lang/Object;)V' in 'java/awt/EventQueue')}
  0x000001ed498d26b8: 4d85 c948 | bfe8 108c | 61ed 0100 | 0075 0c80 | 8f11 0300 | 0001 e9a8 | 0000 0041 | 8b59 0841 
  0x000001ed498d26d8: ba00 0000 | 0d49 03da | 483b 9f20 | 0300 0075 | 0d48 8387 | 2803 0000 | 01e9 6000 | 0000 483b 
  0x000001ed498d26f8: 9f30 0300 | 0075 0d48 | 8387 3803 | 0000 01e9 | 4a00 0000 | 4883 bf20 | 0300 0000 | 7517 4889 
  0x000001ed498d2718: 9f20 0300 | 0048 c787 | 2803 0000 | 0100 0000 | e929 0000 | 0048 83bf | 3003 0000 | 0075 1748 
  0x000001ed498d2738: 899f 3003 | 0000 48c7 | 8738 0300 | 0001 0000 | 00e9 0800 | 0000 4883 | 8718 0300 

  0x000001ed498d2754: ;   {metadata('java/awt/MenuComponent')}
  0x000001ed498d2754: 0001 48bb | 0821 160e | 0000 0000 | 418b 7108 | 41ba 0000 | 000d 4903 | f248 3bde | 0f85 5608 
  0x000001ed498d2774: 0000 e900 | 0000 0049 | 8bd1 483b | 0248 8bf2 

  0x000001ed498d2784: ;   {metadata(method data for {method} {0x000001ed61181e60} 'dispatchEventImpl' '(Ljava/awt/AWTEvent;Ljava/lang/Object;)V' in 'java/awt/EventQueue')}
  0x000001ed498d2784: 48bf e810 | 8c61 ed01 | 0000 8b76 | 0841 ba00 | 0000 0d49 | 03f2 483b | b750 0300 | 0075 0d48 
  0x000001ed498d27a4: 8387 5803 | 0000 01e9 | 6000 0000 | 483b b760 | 0300 0075 | 0d48 8387 | 6803 0000 | 01e9 4a00 
  0x000001ed498d27c4: 0000 4883 | bf50 0300 | 0000 7517 | 4889 b750 | 0300 0048 | c787 5803 | 0000 0100 | 0000 e929 
  0x000001ed498d27e4: 0000 0048 | 83bf 6003 | 0000 0075 | 1748 89b7 | 6003 0000 | 48c7 8768 | 0300 0001 | 0000 00e9 
  0x000001ed498d2804: 0800 0000 | 4883 8748 | 0300 0001 | 0f1f 8000 

  0x000001ed498d2814: ;   {optimized virtual_call}
  0x000001ed498d2814: 0000 00e8 

  0x000001ed498d2818: ; ImmutableOopMap {}
                      ;*invokevirtual dispatchEvent {reexecute=0 rethrow=0 return_oop=0}
                      ; - java.awt.EventQueue::dispatchEventImpl@63 (line 728)
  0x000001ed498d2818: c4c5 4207 

  0x000001ed498d281c: ;   {post_call_nop}
  0x000001ed498d281c: 0f1f 8400 | 9417 000c 

  0x000001ed498d2824: ;   {metadata(method data for {method} {0x000001ed61181e60} 'dispatchEventImpl' '(Ljava/awt/AWTEvent;Ljava/lang/Object;)V' in 'java/awt/EventQueue')}
  0x000001ed498d2824: 49b8 e810 | 8c61 ed01 | 0000 41ff | 8078 0300 | 0048 81c4 | d000 0000 

  0x000001ed498d283c: ;   {poll_return}
  0x000001ed498d283c: 5d49 3b67 | 280f 8793 | 0700 00c3 

  0x000001ed498d2848: ;   {metadata(method data for {method} {0x000001ed61181e60} 'dispatchEventImpl' '(Ljava/awt/AWTEvent;Ljava/lang/Object;)V' in 'java/awt/EventQueue')}
  0x000001ed498d2848: 488b f248 | bfe8 108c | 61ed 0100 | 0048 8387 | 2801 0000 | 0149 8bf0 | 4c8b c60f 

  0x000001ed498d2864: ;   {optimized virtual_call}
  0x000001ed498d2864: 1f40 00e8 

  0x000001ed498d2868: ; ImmutableOopMap {[168]=Oop }
                      ;*invokevirtual setCurrentEventAndMostRecentTimeImpl {reexecute=0 rethrow=0 return_oop=0}
                      ; - java.awt.EventQueue::dispatchEventImpl@14 (line 722)
  0x000001ed498d2868: 3491 ffff 

  0x000001ed498d286c: ;   {post_call_nop}
  0x000001ed498d286c: 0f1f 8400 | e417 000d | 4c8b 8424 | a800 0000 

  0x000001ed498d287c: ;   {metadata(method data for {method} {0x000001ed61181e60} 'dispatchEventImpl' '(Ljava/awt/AWTEvent;Ljava/lang/Object;)V' in 'java/awt/EventQueue')}
  0x000001ed498d287c: 4d85 c048 | bfe8 108c | 61ed 0100 | 0075 0c80 | 8f51 0100 | 0001 e9c3 | 0000 0041 | 8b58 0841 
  0x000001ed498d289c: ba00 0000 | 0d49 03da | 483b 9f60 | 0100 0075 | 0d48 8387 | 6801 0000 | 01e9 6000 | 0000 483b 
  0x000001ed498d28bc: 9f70 0100 | 0075 0d48 | 8387 7801 | 0000 01e9 | 4a00 0000 | 4883 bf60 | 0100 0000 | 7517 4889 
  0x000001ed498d28dc: 9f60 0100 | 0048 c787 | 6801 0000 | 0100 0000 | e929 0000 | 0048 83bf | 7001 0000 | 0075 1748 
  0x000001ed498d28fc: 899f 7001 | 0000 48c7 | 8778 0100 | 0001 0000 | 00e9 0800 | 0000 4883 | 8758 0100 

  0x000001ed498d2918: ;   {metadata('java/awt/ActiveEvent')}
  0x000001ed498d2918: 0001 48bb | 6006 080e | 0000 0000 | 418b 7808 | 41ba 0000 | 000d 4903 | fa48 3b5f | 200f 841f 
  0x000001ed498d2938: 0000 0048 | 3bfb 0f84 | 1600 0000 

  0x000001ed498d2944: ;   {runtime_call C1 Runtime slow_subtype_check_blob}
  0x000001ed498d2944: 5753 e895 | 8f4f 075f | 5f85 ff0f | 849b 0600 | 00e9 0000 | 0000 498b | d048 3b02 

  0x000001ed498d2960: ;   {metadata(method data for {method} {0x000001ed61181e60} 'dispatchEventImpl' '(Ljava/awt/AWTEvent;Ljava/lang/Object;)V' in 'java/awt/EventQueue')}
  0x000001ed498d2960: 488b f248 | bfe8 108c | 61ed 0100 | 008b 7608 | 41ba 0000 | 000d 4903 | f248 3bb7 | 9001 0000 
  0x000001ed498d2980: 750d 4883 | 8798 0100 | 0001 e960 | 0000 0048 | 3bb7 a001 | 0000 750d | 4883 87a8 | 0100 0001 
  0x000001ed498d29a0: e94a 0000 | 0048 83bf | 9001 0000 | 0075 1748 | 89b7 9001 | 0000 48c7 | 8798 0100 | 0001 0000 
  0x000001ed498d29c0: 00e9 2900 | 0000 4883 | bfa0 0100 | 0000 7517 | 4889 b7a0 | 0100 0048 | c787 a801 | 0000 0100 
  0x000001ed498d29e0: 0000 e908 | 0000 0048 | 8387 8801 | 0000 0166 | 0f1f 4400 | 0048 b860 | 4359 65ed 

  0x000001ed498d29fc: ;   {virtual_call}
  0x000001ed498d29fc: 0100 00e8 

  0x000001ed498d2a00: ; ImmutableOopMap {}
                      ;*invokeinterface dispatch {reexecute=0 rethrow=0 return_oop=0}
                      ; - java.awt.EventQueue::dispatchEventImpl@21 (line 723)
  0x000001ed498d2a00: 544f 5107 

  0x000001ed498d2a04: ;   {post_call_nop}
  0x000001ed498d2a04: 0f1f 8400 | 7c19 000e 

  0x000001ed498d2a0c: ;   {metadata(method data for {method} {0x000001ed61181e60} 'dispatchEventImpl' '(Ljava/awt/AWTEvent;Ljava/lang/Object;)V' in 'java/awt/EventQueue')}
  0x000001ed498d2a0c: 48ba e810 | 8c61 ed01 | 0000 ff82 | b801 0000 | 4881 c4d0 | 0000 005d 

  0x000001ed498d2a24: ;   {poll_return}
  0x000001ed498d2a24: 493b 6728 | 0f87 d005 | 0000 c390 

  0x000001ed498d2a30: ;   {other}
  0x000001ed498d2a30: e9ee 0500 | 0000 0000 | 0000 80ba | 3001 0000 | 040f 85eb | 0500 0049 | 8b87 c801 | 0000 488d 
  0x000001ed498d2a50: 7828 493b | bfd8 0100 | 000f 87d3 | 0500 0049 | 89bf c801 | 0000 48c7 | 0001 0000 | 0048 8bca 
  0x000001ed498d2a70: 41ba 0000 | 000d 492b | ca89 4808 | 4833 c989 | 480c 4833 | c948 8948 | 1048 8948 | 1848 8948 
  0x000001ed498d2a90: 2048 8bd0 

  0x000001ed498d2a94: ;   {metadata(method data for {method} {0x000000000d479750} 'lookup' '()Ljava/lang/invoke/MethodHandles$Lookup;' in 'java/lang/invoke/MethodHandles')}
  0x000001ed498d2a94: 48be 60a2 | 4761 ed01 | 0000 4883 | 8608 0100 

  0x000001ed498d2aa4: ;   {oop("no caller frame"{0x00000007ffe3a4d0})}
  0x000001ed498d2aa4: 0001 49b8 | d0a4 e3ff | 0700 0000 | 488b d048 | 8984 24c0 | 0000 000f 

  0x000001ed498d2abc: ;   {optimized virtual_call}
  0x000001ed498d2abc: 1f40 00e8 

  0x000001ed498d2ac0: ; ImmutableOopMap {[168]=Oop [192]=Oop }
                      ;*invokespecial <init> {reexecute=0 rethrow=0 return_oop=0}
                      ; - java.lang.invoke.MethodHandles::lookup@14 (line 127)
                      ; - sun.awt.AWTAccessor::ensureClassInitialized@0 (line 1464)
                      ; - sun.awt.AWTAccessor::getInputEventAccessor@10 (line 963)
                      ; - java.awt.AWTEvent::dispatched@7 (line 571)
                      ; - java.awt.EventQueue::dispatchEventImpl@45 (line 726)
  0x000001ed498d2ac0: 1cc3 4207 

  0x000001ed498d2ac4: ;   {post_call_nop}
  0x000001ed498d2ac4: 0f1f 8400 | 3c1a 000f | 488b 8424 | c000 0000 | e9d2 0500 | 0049 8b87 | 8805 0000 | 4d33 d24d 
  0x000001ed498d2ae4: 8997 8805 | 0000 4d33 | d24d 8997 | 9005 0000 

  0x000001ed498d2af4: ;   {oop(a 'java/lang/Class'{0x0000000715644510} = 'sun/awt/AWTAccessor')}
  0x000001ed498d2af4: 48be 1045 | 6415 0700 | 0000 8bb6 | 8c00 0000 | 48c1 e603 | 4c8b 8424 | a800 0000 

  0x000001ed498d2b10: ;   {metadata(method data for {method} {0x000001ed61112bc0} 'dispatched' '()V' in 'java/awt/AWTEvent')}
  0x000001ed498d2b10: 4d85 c048 | b858 178c | 61ed 0100 | 0075 0c80 | 8831 0100 | 0001 e9a9 | 0000 0041 | 8b50 0841 
  0x000001ed498d2b30: ba00 0000 | 0d49 03d2 | 483b 9040 | 0100 0075 | 0d48 8380 | 4801 0000 | 01e9 6000 | 0000 483b 
  0x000001ed498d2b50: 9050 0100 | 0075 0d48 | 8380 5801 | 0000 01e9 | 4a00 0000 | 4883 b840 | 0100 0000 | 7517 4889 
  0x000001ed498d2b70: 9040 0100 | 0048 c780 | 4801 0000 | 0100 0000 | e929 0000 | 0048 83b8 | 5001 0000 | 0075 1748 
  0x000001ed498d2b90: 8990 5001 | 0000 48c7 | 8058 0100 | 0001 0000 | 00e9 0800 | 0000 4883 | 8038 0100 

  0x000001ed498d2bac: ;   {metadata('java/awt/event/InputEvent')}
  0x000001ed498d2bac: 0001 48ba | 60d9 010e | 0000 0000 | 418b 4008 | 41ba 0000 | 000d 4903 | c248 3b50 | 500f 8570 
  0x000001ed498d2bcc: 0400 00e9 | 0000 0000 | 498b f848 | 85f6 0f84 | 2500 0000 

  0x000001ed498d2be0: ;   {metadata('java/awt/event/InputEvent$1')}
  0x000001ed498d2be0: 48b9 98e4 | 010e 0000 | 0000 8b56 | 0841 ba00 | 0000 0d49 | 03d2 483b | 4a38 0f85 | 4804 0000 
  0x000001ed498d2c00: e900 0000 | 0048 8bde 

  0x000001ed498d2c08: ; implicit exception: dispatches to 0x000001ed498d304d
                      ;   {metadata(method data for {method} {0x000001ed61112bc0} 'dispatched' '()V' in 'java/awt/AWTEvent')}
  0x000001ed498d2c08: 483b 0648 | bb58 178c | 61ed 0100 

  0x000001ed498d2c14: ;   {metadata('java/awt/event/InputEvent$1')}
  0x000001ed498d2c14: 0049 ba98 | e401 0e00 | 0000 004c | 8993 7001 | 0000 4883 | 8378 0100 

  0x000001ed498d2c2c: ;   {metadata(method data for {method} {0x000001ed611159b0} 'setCanAccessSystemClipboard' '(Ljava/awt/event/InputEvent;Z)V' in 'java/awt/event/InputEvent$1')}
  0x000001ed498d2c2c: 0001 48be | 701a 8c61 | ed01 0000 | 8b9e 9000 | 0000 83c3 | 0289 9e90 | 0000 0081 | e3fe ff1f 
  0x000001ed498d2c4c: 0085 db0f | 84fd 0300 | 00c6 4728 

  0x000001ed498d2c58: ;   {metadata(method data for {method} {0x000001ed61181e60} 'dispatchEventImpl' '(Ljava/awt/AWTEvent;Ljava/lang/Object;)V' in 'java/awt/EventQueue')}
  0x000001ed498d2c58: 0048 bee8 | 108c 61ed | 0100 00ff | 86b0 0200 | 0048 81c4 | d000 0000 

  0x000001ed498d2c70: ;   {poll_return}
  0x000001ed498d2c70: 5d49 3b67 | 280f 87fd | 0300 00c3 

  0x000001ed498d2c7c: ;   {metadata({method} {0x000001ed61181e60} 'dispatchEventImpl' '(Ljava/awt/AWTEvent;Ljava/lang/Object;)V' in 'java/awt/EventQueue')}
  0x000001ed498d2c7c: 49ba 581e | 1861 ed01 | 0000 4c89 | 5424 0848 | c704 24ff 

  0x000001ed498d2c90: ;   {runtime_call C1 Runtime counter_overflow_blob}
  0x000001ed498d2c90: ffff ffe8 

  0x000001ed498d2c94: ; ImmutableOopMap {rdx=Oop r8=Oop r9=Oop [168]=Oop }
                      ;*synchronization entry
                      ; - java.awt.EventQueue::dispatchEventImpl@-1 (line 719)
  0x000001ed498d2c94: c8b9 4f07 | e951 e5ff 

  0x000001ed498d2c9c: ;   {runtime_call C1 Runtime throw_null_pointer_exception_blob}
  0x000001ed498d2c9c: ffe8 be59 

  0x000001ed498d2ca0: ; ImmutableOopMap {rdx=Oop r8=Oop r9=Oop [168]=Oop }
                      ;*putfield isPosted {reexecute=1 rethrow=0 return_oop=0}
                      ; - (reexecute) java.awt.EventQueue::dispatchEventImpl@2 (line 719)
  0x000001ed498d2ca0: 4f07 4c89 

  0x000001ed498d2ca4: ;   {runtime_call C1 Runtime throw_class_cast_exception_blob}
  0x000001ed498d2ca4: 0c24 e835 

  0x000001ed498d2ca8: ; ImmutableOopMap {r8=Oop [168]=Oop }
                      ;*checkcast {reexecute=0 rethrow=0 return_oop=0}
                      ; - java.awt.EventQueue::dispatchEventImpl@37 (line 725)
                      ;   {runtime_call C1 Runtime throw_null_pointer_exception_blob}
  0x000001ed498d2ca8: 864f 07e8 

  0x000001ed498d2cac: ; ImmutableOopMap {r8=Oop rdx=Oop [168]=Oop }
                      ;*invokevirtual dispatchEvent {reexecute=0 rethrow=0 return_oop=0}
                      ; - java.awt.EventQueue::dispatchEventImpl@41 (line 725)
  0x000001ed498d2cac: b059 4f07 

  0x000001ed498d2cb0: ;   {metadata({method} {0x000001ed6104e4d0} 'dispatchEvent' '(Ljava/awt/AWTEvent;)V' in 'java/awt/Component')}
  0x000001ed498d2cb0: 49ba c8e4 | 0461 ed01 | 0000 4c89 | 5424 0848 | c704 24ff 

  0x000001ed498d2cc4: ;   {runtime_call C1 Runtime counter_overflow_blob}
  0x000001ed498d2cc4: ffff ffe8 

  0x000001ed498d2cc8: ; ImmutableOopMap {r8=Oop rdx=Oop [168]=Oop }
                      ;*synchronization entry
                      ; - java.awt.Component::dispatchEvent@-1 (line 4790)
                      ; - java.awt.EventQueue::dispatchEventImpl@41 (line 725)
  0x000001ed498d2cc8: 94b9 4f07 | e9ac e8ff 

  0x000001ed498d2cd0: ;   {metadata({method} {0x000001ed61112bc0} 'dispatched' '()V' in 'java/awt/AWTEvent')}
  0x000001ed498d2cd0: ff49 bab8 | 2b11 61ed | 0100 004c | 8954 2408 | 48c7 0424 | ffff ffff 

  0x000001ed498d2ce8: ;   {runtime_call C1 Runtime counter_overflow_blob}
  0x000001ed498d2ce8: e873 b94f 

  0x000001ed498d2cec: ; ImmutableOopMap {[168]=Oop }
                      ;*synchronization entry
                      ; - java.awt.AWTEvent::dispatched@-1 (line 570)
                      ; - java.awt.EventQueue::dispatchEventImpl@45 (line 726)
  0x000001ed498d2cec: 07e9 f6e9 

  0x000001ed498d2cf0: ;   {metadata({method} {0x000001ed610f1f28} 'getInputEventAccessor' '()Lsun/awt/AWTAccessor$InputEventAccessor;' in 'sun/awt/AWTAccessor')}
  0x000001ed498d2cf0: ffff 49ba | 201f 0f61 | ed01 0000 | 4c89 5424 | 0848 c704 | 24ff ffff 

  0x000001ed498d2d08: ;   {runtime_call C1 Runtime counter_overflow_blob}
  0x000001ed498d2d08: ffe8 52b9 

  0x000001ed498d2d0c: ; ImmutableOopMap {r8=Oop [168]=Oop }
                      ;*synchronization entry
                      ; - sun.awt.AWTAccessor::getInputEventAccessor@-1 (line 961)
                      ; - java.awt.AWTEvent::dispatched@7 (line 571)
                      ; - java.awt.EventQueue::dispatchEventImpl@45 (line 726)
  0x000001ed498d2d0c: 4f07 e90e 

  0x000001ed498d2d10: ;   {metadata({method} {0x000001ed610f46e8} 'ensureClassInitialized' '(Ljava/lang/Class;)V' in 'sun/awt/AWTAccessor')}
  0x000001ed498d2d10: ebff ff49 | bae0 460f | 61ed 0100 | 004c 8954 | 2408 48c7 | 0424 ffff 

  0x000001ed498d2d28: ;   {runtime_call C1 Runtime counter_overflow_blob}
  0x000001ed498d2d28: ffff e831 

  0x000001ed498d2d2c: ; ImmutableOopMap {[168]=Oop }
                      ;*synchronization entry
                      ; - sun.awt.AWTAccessor::ensureClassInitialized@-1 (line 1464)
                      ; - sun.awt.AWTAccessor::getInputEventAccessor@10 (line 963)
                      ; - java.awt.AWTEvent::dispatched@7 (line 571)
                      ; - java.awt.EventQueue::dispatchEventImpl@45 (line 726)
  0x000001ed498d2d2c: b94f 07e9 | 65eb ffff 

  0x000001ed498d2d34: ;   {metadata({method} {0x000000000d479750} 'lookup' '()Ljava/lang/invoke/MethodHandles$Lookup;' in 'java/lang/invoke/MethodHandles')}
  0x000001ed498d2d34: 49ba 4897 | 470d 0000 | 0000 4c89 | 5424 0848 | c704 24ff 

  0x000001ed498d2d48: ;   {runtime_call C1 Runtime counter_overflow_blob}
  0x000001ed498d2d48: ffff ffe8 

  0x000001ed498d2d4c: ; ImmutableOopMap {[168]=Oop }
                      ;*synchronization entry
                      ; - java.lang.invoke.MethodHandles::lookup@-1 (line 125)
                      ; - sun.awt.AWTAccessor::ensureClassInitialized@0 (line 1464)
                      ; - sun.awt.AWTAccessor::getInputEventAccessor@10 (line 963)
                      ; - java.awt.AWTEvent::dispatched@7 (line 571)
                      ; - java.awt.EventQueue::dispatchEventImpl@45 (line 726)
  0x000001ed498d2d4c: 10b9 4f07 | e97d ebff | ff48 8bd2 

  0x000001ed498d2d58: ;   {runtime_call C1 Runtime fast_new_instance_blob}
  0x000001ed498d2d58: e803 624f 

  0x000001ed498d2d5c: ; ImmutableOopMap {r8=Oop [168]=Oop }
                      ;*new {reexecute=0 rethrow=0 return_oop=0}
                      ; - java.lang.invoke.MethodHandles::lookup@18 (line 129)
                      ; - sun.awt.AWTAccessor::ensureClassInitialized@0 (line 1464)
                      ; - sun.awt.AWTAccessor::getInputEventAccessor@10 (line 963)
                      ; - java.awt.AWTEvent::dispatched@7 (line 571)
                      ; - java.awt.EventQueue::dispatchEventImpl@45 (line 726)
  0x000001ed498d2d5c: 07e9 10ec 

  0x000001ed498d2d60: ;   {metadata({method} {0x000000000d47da00} '<init>' '(Ljava/lang/Class;)V' in 'java/lang/invoke/MethodHandles$Lookup')}
  0x000001ed498d2d60: ffff 49ba | f8d9 470d | 0000 0000 | 4c89 5424 | 0848 c704 | 24ff ffff 

  0x000001ed498d2d78: ;   {runtime_call C1 Runtime counter_overflow_blob}
  0x000001ed498d2d78: ffe8 e2b8 

  0x000001ed498d2d7c: ; ImmutableOopMap {r8=Oop rax=Oop [168]=Oop }
                      ;*synchronization entry
                      ; - java.lang.invoke.MethodHandles$Lookup::<init>@-1 (line 1533)
                      ; - java.lang.invoke.MethodHandles::lookup@23 (line 129)
                      ; - sun.awt.AWTAccessor::ensureClassInitialized@0 (line 1464)
                      ; - sun.awt.AWTAccessor::getInputEventAccessor@10 (line 963)
                      ; - java.awt.AWTEvent::dispatched@7 (line 571)
                      ; - java.awt.EventQueue::dispatchEventImpl@45 (line 726)
  0x000001ed498d2d7c: 4f07 e92d 

  0x000001ed498d2d80: ;   {metadata(nullptr)}
  0x000001ed498d2d80: ecff ff48 | b800 0000 | 0000 0000 | 00b8 000f 

  0x000001ed498d2d90: ;   {runtime_call C1 Runtime load_klass_patching_blob}
  0x000001ed498d2d90: 050a e849 

  0x000001ed498d2d94: ; ImmutableOopMap {rdx=Oop r9=Oop [168]=Oop }
                      ;*instanceof {reexecute=1 rethrow=0 return_oop=0}
                      ; - (reexecute) java.awt.EventQueue::dispatchEventImpl@70 (line 729)
  0x000001ed498d2d94: a84f 07e9 | b4ee ffff 

  0x000001ed498d2d9c: ;   {metadata({method} {0x000001ed61181498} 'noEvents' '()Z' in 'java/awt/EventQueue')}
  0x000001ed498d2d9c: 49ba 9014 | 1861 ed01 | 0000 4c89 | 5424 0848 | c704 24ff 

  0x000001ed498d2db0: ;   {runtime_call C1 Runtime counter_overflow_blob}
  0x000001ed498d2db0: ffff ffe8 

  0x000001ed498d2db4: ; ImmutableOopMap {rdx=Oop }
                      ;*synchronization entry
                      ; - java.awt.EventQueue::noEvents@-1 (line 520)
                      ; - java.awt.EventQueue::dispatchEventImpl@95 (line 732)
  0x000001ed498d2db4: a8b8 4f07 | e946 f0ff 

  0x000001ed498d2dbc: ;   {runtime_call C1 Runtime throw_null_pointer_exception_blob}
  0x000001ed498d2dbc: ffe8 9e58 

  0x000001ed498d2dc0: ; ImmutableOopMap {rdx=Oop rdi=Oop }
                      ;*aaload {reexecute=0 rethrow=0 return_oop=0}
                      ; - java.awt.EventQueue::noEvents@12 (line 521)
                      ; - java.awt.EventQueue::dispatchEventImpl@95 (line 732)
                      ;   {runtime_call C1 Runtime throw_null_pointer_exception_blob}
  0x000001ed498d2dc0: 4f07 e899 

  0x000001ed498d2dc4: ; ImmutableOopMap {rdx=Oop rdi=Oop }
                      ;*aaload {reexecute=0 rethrow=0 return_oop=0}
                      ; - java.awt.EventQueue::noEvents@12 (line 521)
                      ; - java.awt.EventQueue::dispatchEventImpl@95 (line 732)
  0x000001ed498d2dc4: 584f 0748 | 8934 2448 | 897c 2408 

  0x000001ed498d2dd0: ;   {runtime_call C1 Runtime throw_range_check_failed_blob}
  0x000001ed498d2dd0: e80b 4c4f 

  0x000001ed498d2dd4: ; ImmutableOopMap {rdx=Oop rdi=Oop }
                      ;*aaload {reexecute=0 rethrow=0 return_oop=0}
                      ; - java.awt.EventQueue::noEvents@12 (line 521)
                      ; - java.awt.EventQueue::dispatchEventImpl@95 (line 732)
                      ;   {runtime_call C1 Runtime throw_null_pointer_exception_blob}
  0x000001ed498d2dd4: 07e8 8658 

  0x000001ed498d2dd8: ; ImmutableOopMap {rdx=Oop }
                      ;*getfield head {reexecute=1 rethrow=0 return_oop=0}
                      ; - (reexecute) java.awt.EventQueue::noEvents@13 (line 521)
                      ; - java.awt.EventQueue::dispatchEventImpl@95 (line 732)
                      ;   {metadata({method} {0x000001ed61181498} 'noEvents' '()Z' in 'java/awt/EventQueue')}
  0x000001ed498d2dd8: 4f07 49ba | 9014 1861 | ed01 0000 | 4c89 5424 | 0848 c704 | 2418 0000 

  0x000001ed498d2df0: ;   {runtime_call C1 Runtime counter_overflow_blob}
  0x000001ed498d2df0: 00e8 6ab8 

  0x000001ed498d2df4: ; ImmutableOopMap {rdx=Oop }
                      ;*goto {reexecute=1 rethrow=0 return_oop=0}
                      ; - (reexecute) java.awt.EventQueue::noEvents@24 (line 520)
                      ; - java.awt.EventQueue::dispatchEventImpl@95 (line 732)
  0x000001ed498d2df4: 4f07 e98b 

  0x000001ed498d2df8: ;   {metadata({method} {0x000001ed61180268} 'getEventLog' '()Lsun/util/logging/PlatformLogger;' in 'java/awt/EventQueue')}
  0x000001ed498d2df8: f0ff ff49 | ba60 0218 | 61ed 0100 | 004c 8954 | 2408 48c7 | 0424 ffff 

  0x000001ed498d2e10: ;   {runtime_call C1 Runtime counter_overflow_blob}
  0x000001ed498d2e10: ffff e849 

  0x000001ed498d2e14: ; ImmutableOopMap {[168]=Oop }
                      ;*synchronization entry
                      ; - java.awt.EventQueue::getEventLog@-1 (line 180)
                      ; - java.awt.EventQueue::dispatchEventImpl@111 (line 736)
  0x000001ed498d2e14: b84f 07e9 | 28f1 ffff | 418b 9080 | 0000 0048 | c1e2 0348 | 83fa 000f | 8492 f1ff | ff48 8914 
  0x000001ed498d2e34: ;   {runtime_call g1_pre_barrier_slow}
  0x000001ed498d2e34: 24e8 26be | 4f07 e984 | f1ff ff48 | 83f8 000f | 84a2 f1ff | ff4c 8904 

  0x000001ed498d2e4c: ;   {runtime_call g1_post_barrier_slow}
  0x000001ed498d2e4c: 24e8 0ec1 | 4f07 e994 

  0x000001ed498d2e54: ;   {runtime_call C1 Runtime throw_null_pointer_exception_blob}
  0x000001ed498d2e54: f1ff ffe8 

  0x000001ed498d2e58: ; ImmutableOopMap {r8=Oop [168]=Oop }
                      ;*invokevirtual isLoggable {reexecute=0 rethrow=0 return_oop=0}
                      ; - java.awt.EventQueue::dispatchEventImpl@117 (line 736)
  0x000001ed498d2e58: 0458 4f07 

  0x000001ed498d2e5c: ;   {metadata({method} {0x000001ed610c5070} 'isLoggable' '(Lsun/util/logging/PlatformLogger$Level;)Z' in 'sun/util/logging/PlatformLogger')}
  0x000001ed498d2e5c: 49ba 6850 | 0c61 ed01 | 0000 4c89 | 5424 0848 | c704 24ff 

  0x000001ed498d2e70: ;   {runtime_call C1 Runtime counter_overflow_blob}
  0x000001ed498d2e70: ffff ffe8 

  0x000001ed498d2e74: ; ImmutableOopMap {r8=Oop [168]=Oop }
                      ;*synchronization entry
                      ; - sun.util.logging.PlatformLogger::isLoggable@-1 (line 336)
                      ; - java.awt.EventQueue::dispatchEventImpl@117 (line 736)
  0x000001ed498d2e74: e8b7 4f07 | e9d3 f1ff 

  0x000001ed498d2e7c: ;   {runtime_call C1 Runtime throw_null_pointer_exception_blob}
  0x000001ed498d2e7c: ffe8 de57 

  0x000001ed498d2e80: ; ImmutableOopMap {rdx=Oop [168]=Oop }
                      ;*invokeinterface isLoggable {reexecute=0 rethrow=0 return_oop=0}
                      ; - sun.util.logging.PlatformLogger::isLoggable@17 (line 340)
                      ; - java.awt.EventQueue::dispatchEventImpl@117 (line 736)
                      ;   {metadata({method} {0x000001ed61180268} 'getEventLog' '()Lsun/util/logging/PlatformLogger;' in 'java/awt/EventQueue')}
  0x000001ed498d2e80: 4f07 49ba | 6002 1861 | ed01 0000 | 4c89 5424 | 0848 c704 | 24ff ffff 

  0x000001ed498d2e98: ;   {runtime_call C1 Runtime counter_overflow_blob}
  0x000001ed498d2e98: ffe8 c2b7 

  0x000001ed498d2e9c: ; ImmutableOopMap {[168]=Oop }
                      ;*synchronization entry
                      ; - java.awt.EventQueue::getEventLog@-1 (line 180)
                      ; - java.awt.EventQueue::dispatchEventImpl@123 (line 737)
  0x000001ed498d2e9c: 4f07 e9df | f2ff ff8b | b280 0000 | 0048 c1e6 | 0348 83fe | 000f 844c | f3ff ff48 

  0x000001ed498d2eb8: ;   {runtime_call g1_pre_barrier_slow}
  0x000001ed498d2eb8: 8934 24e8 | a0bd 4f07 | e93e f3ff | ff48 83f8 | 000f 845c | f3ff ff48 

  0x000001ed498d2ed0: ;   {runtime_call g1_post_barrier_slow}
  0x000001ed498d2ed0: 8914 24e8 | 88c0 4f07 | e94e f3ff 

  0x000001ed498d2edc: ;   {metadata({method} {0x000000000d4b09b0} 'valueOf' '(Ljava/lang/Object;)Ljava/lang/String;' in 'java/lang/String')}
  0x000001ed498d2edc: ff49 baa8 | 094b 0d00 | 0000 004c | 8954 2408 | 48c7 0424 | ffff ffff 

  0x000001ed498d2ef4: ;   {runtime_call C1 Runtime counter_overflow_blob}
  0x000001ed498d2ef4: e867 b74f 

  0x000001ed498d2ef8: ; ImmutableOopMap {rsi=Oop r8=Oop [168]=Oop [184]=Oop }
                      ;*synchronization entry
                      ; - java.lang.String::valueOf@-1 (line 4530)
                      ; - java.awt.EventQueue::dispatchEventImpl@127 (line 737)
  0x000001ed498d2ef8: 07e9 8af3 | ffff 49b8 | 0000 0000 | 0000 0000 | b800 0f05 

  0x000001ed498d2f0c: ;   {runtime_call C1 Runtime load_appendix_patching_blob}
  0x000001ed498d2f0c: 0ae8 ceaf 

  0x000001ed498d2f10: ; ImmutableOopMap {rdi=Oop [184]=Oop }
                      ;*invokedynamic {reexecute=1 rethrow=0 return_oop=0}
                      ; - (reexecute) java.awt.EventQueue::dispatchEventImpl@130 (line 737)
  0x000001ed498d2f10: 4f07 e961 

  0x000001ed498d2f14: ;   {runtime_call C1 Runtime throw_null_pointer_exception_blob}
  0x000001ed498d2f14: f4ff ffe8 

  0x000001ed498d2f18: ; ImmutableOopMap {rax=Oop rsi=Oop [184]=Oop }
                      ;*invokevirtual fine {reexecute=0 rethrow=0 return_oop=0}
                      ; - java.awt.EventQueue::dispatchEventImpl@135 (line 737)
  0x000001ed498d2f18: 4457 4f07 

  0x000001ed498d2f1c: ;   {metadata({method} {0x000001ed610c5cc8} 'fine' '(Ljava/lang/String;)V' in 'sun/util/logging/PlatformLogger')}
  0x000001ed498d2f1c: 49ba c05c | 0c61 ed01 | 0000 4c89 | 5424 0848 | c704 24ff 

  0x000001ed498d2f30: ;   {runtime_call C1 Runtime counter_overflow_blob}
  0x000001ed498d2f30: ffff ffe8 

  0x000001ed498d2f34: ; ImmutableOopMap {rax=Oop rsi=Oop [184]=Oop }
                      ;*synchronization entry
                      ; - sun.util.logging.PlatformLogger::fine@-1 (line 449)
                      ; - java.awt.EventQueue::dispatchEventImpl@135 (line 737)
  0x000001ed498d2f34: 28b7 4f07 | e9d5 f4ff 

  0x000001ed498d2f3c: ;   {runtime_call C1 Runtime throw_null_pointer_exception_blob}
  0x000001ed498d2f3c: ffe8 1e57 

  0x000001ed498d2f40: ; ImmutableOopMap {rax=Oop rdx=Oop }
                      ;*invokeinterface log {reexecute=0 rethrow=0 return_oop=0}
                      ; - sun.util.logging.PlatformLogger::fine@12 (line 449)
                      ; - java.awt.EventQueue::dispatchEventImpl@135 (line 737)
                      ;   {internal_word}
  0x000001ed498d2f40: 4f07 49ba | e424 8d49 | ed01 0000 | 4d89 97e0 

  0x000001ed498d2f50: ;   {runtime_call SafepointBlob}
  0x000001ed498d2f50: 0400 00e9 | 08e0 4207 

  0x000001ed498d2f58: ;   {runtime_call C1 Runtime throw_null_pointer_exception_blob}
  0x000001ed498d2f58: e803 574f 

  0x000001ed498d2f5c: ; ImmutableOopMap {r8=Oop }
                      ;*invokevirtual stopDispatching {reexecute=0 rethrow=0 return_oop=0}
                      ; - java.awt.EventQueue::dispatchEventImpl@105 (line 733)
                      ;   {metadata({method} {0x000001ed61523e38} 'stopDispatching' '()V' in 'java/awt/EventDispatchThread')}
  0x000001ed498d2f5c: 0749 ba30 | 3e52 61ed | 0100 004c | 8954 2408 | 48c7 0424 | ffff ffff 

  0x000001ed498d2f74: ;   {runtime_call C1 Runtime counter_overflow_blob}
  0x000001ed498d2f74: e8e7 b64f 

  0x000001ed498d2f78: ; ImmutableOopMap {r8=Oop }
                      ;*synchronization entry
                      ; - java.awt.EventDispatchThread::stopDispatching@-1 (line 85)
                      ; - java.awt.EventQueue::dispatchEventImpl@105 (line 733)
  0x000001ed498d2f78: 07e9 c9f5 

  0x000001ed498d2f7c: ;   {internal_word}
  0x000001ed498d2f7c: ffff 49ba | 6f25 8d49 | ed01 0000 | 4d89 97e0 

  0x000001ed498d2f8c: ;   {runtime_call SafepointBlob}
  0x000001ed498d2f8c: 0400 00e9 | ccdf 4207 

  0x000001ed498d2f94: ;   {metadata(nullptr)}
  0x000001ed498d2f94: 48bb 0000 | 0000 0000 | 0000 b800 

  0x000001ed498d2fa0: ;   {runtime_call C1 Runtime load_klass_patching_blob}
  0x000001ed498d2fa0: 0f05 0ae8 

  0x000001ed498d2fa4: ; ImmutableOopMap {r9=Oop r8=Oop [168]=Oop }
                      ;*checkcast {reexecute=1 rethrow=0 return_oop=0}
                      ; - (reexecute) java.awt.EventQueue::dispatchEventImpl@77 (line 730)
  0x000001ed498d2fa4: 38a6 4f07 | e973 f6ff | ff4c 890c 

  0x000001ed498d2fb0: ;   {runtime_call C1 Runtime throw_class_cast_exception_blob}
  0x000001ed498d2fb0: 24e8 2a83 

  0x000001ed498d2fb4: ; ImmutableOopMap {r9=Oop r8=Oop [168]=Oop }
                      ;*checkcast {reexecute=0 rethrow=0 return_oop=0}
                      ; - java.awt.EventQueue::dispatchEventImpl@77 (line 730)
                      ;   {internal_word}
  0x000001ed498d2fb4: 4f07 49ba | a526 8d49 | ed01 0000 | 4d89 97e0 

  0x000001ed498d2fc4: ;   {runtime_call SafepointBlob}
  0x000001ed498d2fc4: 0400 00e9 | 94df 4207 | 4c89 0c24 

  0x000001ed498d2fd0: ;   {runtime_call C1 Runtime throw_class_cast_exception_blob}
  0x000001ed498d2fd0: e80b 834f 

  0x000001ed498d2fd4: ; ImmutableOopMap {r8=Oop [168]=Oop }
                      ;*checkcast {reexecute=0 rethrow=0 return_oop=0}
                      ; - java.awt.EventQueue::dispatchEventImpl@59 (line 728)
                      ;   {runtime_call C1 Runtime throw_null_pointer_exception_blob}
  0x000001ed498d2fd4: 07e8 8656 

  0x000001ed498d2fd8: ; ImmutableOopMap {r8=Oop rdx=Oop [168]=Oop }
                      ;*invokevirtual dispatchEvent {reexecute=0 rethrow=0 return_oop=0}
                      ; - java.awt.EventQueue::dispatchEventImpl@63 (line 728)
                      ;   {internal_word}
  0x000001ed498d2fd8: 4f07 49ba | 3d28 8d49 | ed01 0000 | 4d89 97e0 

  0x000001ed498d2fe8: ;   {runtime_call SafepointBlob}
  0x000001ed498d2fe8: 0400 00e9 | 70df 4207 | 4c89 0424 

  0x000001ed498d2ff4: ;   {runtime_call C1 Runtime throw_class_cast_exception_blob}
  0x000001ed498d2ff4: e8e7 824f 

  0x000001ed498d2ff8: ; ImmutableOopMap {}
                      ;*checkcast {reexecute=0 rethrow=0 return_oop=0}
                      ; - java.awt.EventQueue::dispatchEventImpl@18 (line 723)
                      ;   {runtime_call C1 Runtime throw_null_pointer_exception_blob}
  0x000001ed498d2ff8: 07e8 6256 

  0x000001ed498d2ffc: ; ImmutableOopMap {rdx=Oop }
                      ;*invokeinterface dispatch {reexecute=0 rethrow=0 return_oop=0}
                      ; - java.awt.EventQueue::dispatchEventImpl@21 (line 723)
                      ;   {internal_word}
  0x000001ed498d2ffc: 4f07 49ba | 242a 8d49 | ed01 0000 | 4d89 97e0 

  0x000001ed498d300c: ;   {runtime_call SafepointBlob}
  0x000001ed498d300c: 0400 00e9 | 4cdf 4207 

  0x000001ed498d3014: ;   {metadata(nullptr)}
  0x000001ed498d3014: 48ba 0000 | 0000 0000 | 0000 b800 

  0x000001ed498d3020: ;   {runtime_call C1 Runtime load_klass_patching_blob}
  0x000001ed498d3020: 0f05 0ae8 

  0x000001ed498d3024: ; ImmutableOopMap {[168]=Oop }
                      ;*new {reexecute=1 rethrow=0 return_oop=0}
                      ; - (reexecute) java.lang.invoke.MethodHandles::lookup@8 (line 127)
                      ; - sun.awt.AWTAccessor::ensureClassInitialized@0 (line 1464)
                      ; - sun.awt.AWTAccessor::getInputEventAccessor@10 (line 963)
                      ; - java.awt.AWTEvent::dispatched@7 (line 571)
                      ; - java.awt.EventQueue::dispatchEventImpl@45 (line 726)
  0x000001ed498d3024: b8a5 4f07 | e903 faff 

  0x000001ed498d302c: ;   {runtime_call C1 Runtime throw_null_pointer_exception_blob}
  0x000001ed498d302c: ffe8 2e56 

  0x000001ed498d3030: ; ImmutableOopMap {[168]=Oop }
                      ;*new {reexecute=0 rethrow=0 return_oop=0}
                      ; - java.lang.invoke.MethodHandles::lookup@8 (line 127)
                      ; - sun.awt.AWTAccessor::ensureClassInitialized@0 (line 1464)
                      ; - sun.awt.AWTAccessor::getInputEventAccessor@10 (line 963)
                      ; - java.awt.AWTEvent::dispatched@7 (line 571)
                      ; - java.awt.EventQueue::dispatchEventImpl@45 (line 726)
  0x000001ed498d3030: 4f07 488b 

  0x000001ed498d3034: ;   {runtime_call C1 Runtime fast_new_instance_init_check_blob}
  0x000001ed498d3034: d2e8 a666 

  0x000001ed498d3038: ; ImmutableOopMap {[168]=Oop }
                      ;*new {reexecute=0 rethrow=0 return_oop=0}
                      ; - java.lang.invoke.MethodHandles::lookup@8 (line 127)
                      ; - sun.awt.AWTAccessor::ensureClassInitialized@0 (line 1464)
                      ; - sun.awt.AWTAccessor::getInputEventAccessor@10 (line 963)
                      ; - java.awt.AWTEvent::dispatched@7 (line 571)
                      ; - java.awt.EventQueue::dispatchEventImpl@45 (line 726)
  0x000001ed498d3038: 4f07 e952 | faff ff4c 

  0x000001ed498d3040: ;   {runtime_call C1 Runtime throw_class_cast_exception_blob}
  0x000001ed498d3040: 8904 24e8 

  0x000001ed498d3044: ; ImmutableOopMap {rsi=Oop }
                      ;*checkcast {reexecute=0 rethrow=0 return_oop=0}
                      ; - java.awt.AWTEvent::dispatched@11 (line 571)
                      ; - java.awt.EventQueue::dispatchEventImpl@45 (line 726)
  0x000001ed498d3044: 9882 4f07 

  0x000001ed498d3048: ;   {runtime_call C1 Runtime throw_incompatible_class_change_error_blob}
  0x000001ed498d3048: e893 854f 

  0x000001ed498d304c: ; ImmutableOopMap {rsi=Oop rdi=Oop }
                      ;*invokeinterface setCanAccessSystemClipboard {reexecute=0 rethrow=0 return_oop=0}
                      ; - java.awt.AWTEvent::dispatched@15 (line 572)
                      ; - java.awt.EventQueue::dispatchEventImpl@45 (line 726)
                      ;   {runtime_call C1 Runtime throw_null_pointer_exception_blob}
  0x000001ed498d304c: 07e8 0e56 

  0x000001ed498d3050: ; ImmutableOopMap {rsi=Oop rdi=Oop }
                      ;*invokeinterface setCanAccessSystemClipboard {reexecute=0 rethrow=0 return_oop=0}
                      ; - java.awt.AWTEvent::dispatched@15 (line 572)
                      ; - java.awt.EventQueue::dispatchEventImpl@45 (line 726)
                      ;   {metadata({method} {0x000001ed611159b0} 'setCanAccessSystemClipboard' '(Ljava/awt/event/InputEvent;Z)V' in 'java/awt/event/InputEvent$1')}
  0x000001ed498d3050: 4f07 49ba | a859 1161 | ed01 0000 | 4c89 5424 | 0848 c704 | 24ff ffff 

  0x000001ed498d3068: ;   {runtime_call C1 Runtime counter_overflow_blob}
  0x000001ed498d3068: ffe8 f2b5 

  0x000001ed498d306c: ; ImmutableOopMap {rdi=Oop }
                      ;*synchronization entry
                      ; - java.awt.event.InputEvent$1::setCanAccessSystemClipboard@-1 (line 338)
                      ; - java.awt.AWTEvent::dispatched@15 (line 572)
                      ; - java.awt.EventQueue::dispatchEventImpl@45 (line 726)
  0x000001ed498d306c: 4f07 e9e2 

  0x000001ed498d3070: ;   {runtime_call C1 Runtime throw_null_pointer_exception_blob}
  0x000001ed498d3070: fbff ffe8 

  0x000001ed498d3074: ; ImmutableOopMap {}
                      ;*putfield canAccessSystemClipboard {reexecute=1 rethrow=0 return_oop=0}
                      ; - (reexecute) java.awt.event.InputEvent$1::setCanAccessSystemClipboard@2 (line 338)
                      ; - java.awt.AWTEvent::dispatched@15 (line 572)
                      ; - java.awt.EventQueue::dispatchEventImpl@45 (line 726)
  0x000001ed498d3074: e855 4f07 

  0x000001ed498d3078: ;   {internal_word}
  0x000001ed498d3078: 49ba 712c | 8d49 ed01 | 0000 4d89 | 97e0 0400 

  0x000001ed498d3088: ;   {runtime_call SafepointBlob}
  0x000001ed498d3088: 00e9 d2de | 4207 498b | 8788 0500 | 0049 c787 | 8805 0000 | 0000 0000 | 49c7 8790 | 0500 0000 
  0x000001ed498d30a8: 0000 0048 | 81c4 d000 

  0x000001ed498d30b0: ;   {runtime_call C1 Runtime unwind_exception_blob}
  0x000001ed498d30b0: 0000 5de9 | 2843 4f07 
[Stub Code]
  0x000001ed498d30b8: ;   {other}
  0x000001ed498d30b8: 0f1f 4400 

  0x000001ed498d30bc: ;   {static_stub}
  0x000001ed498d30bc: 0048 bb00 | 0000 0000 

  0x000001ed498d30c4: ;   {runtime_call nmethod}
  0x000001ed498d30c4: 0000 00e9 | fbff ffff 

  0x000001ed498d30cc: ;   {static_stub}
  0x000001ed498d30cc: 9048 bb00 | 0000 0000 

  0x000001ed498d30d4: ;   {runtime_call nmethod}
  0x000001ed498d30d4: 0000 00e9 | fbff ffff 

  0x000001ed498d30dc: ;   {static_stub}
  0x000001ed498d30dc: 9048 bb00 | 0000 0000 

  0x000001ed498d30e4: ;   {runtime_call nmethod}
  0x000001ed498d30e4: 0000 00e9 | fbff ffff 

  0x000001ed498d30ec: ;   {static_stub}
  0x000001ed498d30ec: 9048 bb00 | 0000 0000 

  0x000001ed498d30f4: ;   {runtime_call nmethod}
  0x000001ed498d30f4: 0000 00e9 | fbff ffff 

  0x000001ed498d30fc: ;   {static_stub}
  0x000001ed498d30fc: 9048 bb00 | 0000 0000 

  0x000001ed498d3104: ;   {runtime_call nmethod}
  0x000001ed498d3104: 0000 00e9 | fbff ffff 

  0x000001ed498d310c: ;   {static_stub}
  0x000001ed498d310c: 9048 bb00 | 0000 0000 

  0x000001ed498d3114: ;   {runtime_call nmethod}
  0x000001ed498d3114: 0000 00e9 | fbff ffff 

  0x000001ed498d311c: ;   {static_stub}
  0x000001ed498d311c: 9048 bb00 | 0000 0000 

  0x000001ed498d3124: ;   {runtime_call nmethod}
  0x000001ed498d3124: 0000 00e9 | fbff ffff 

  0x000001ed498d312c: ;   {static_stub}
  0x000001ed498d312c: 9048 bb00 | 0000 0000 

  0x000001ed498d3134: ;   {runtime_call nmethod}
  0x000001ed498d3134: 0000 00e9 | fbff ffff 

  0x000001ed498d313c: ;   {static_stub}
  0x000001ed498d313c: 9048 bb00 | 0000 0000 

  0x000001ed498d3144: ;   {runtime_call nmethod}
  0x000001ed498d3144: 0000 00e9 | fbff ffff 

  0x000001ed498d314c: ;   {static_stub}
  0x000001ed498d314c: 48bb 0000 | 0000 0000 

  0x000001ed498d3154: ;   {runtime_call nmethod}
  0x000001ed498d3154: 0000 e9fb 

  0x000001ed498d3158: ;   {static_stub}
  0x000001ed498d3158: ffff ff48 | bb00 0000 | 0000 0000 

  0x000001ed498d3164: ;   {runtime_call nmethod}
  0x000001ed498d3164: 00e9 fbff 

  0x000001ed498d3168: ;   {static_stub}
  0x000001ed498d3168: ffff 48bb | 0000 0000 | 0000 0000 

  0x000001ed498d3174: ;   {runtime_call nmethod}
  0x000001ed498d3174: e9fb ffff 

  0x000001ed498d3178: ;   {static_stub}
  0x000001ed498d3178: ff48 bb00 | 0000 0000 

  0x000001ed498d3180: ;   {runtime_call nmethod}
  0x000001ed498d3180: 0000 00e9 | fbff ffff 

  0x000001ed498d3188: ;   {static_stub}
  0x000001ed498d3188: 48bb 0000 | 0000 0000 

  0x000001ed498d3190: ;   {runtime_call nmethod}
  0x000001ed498d3190: 0000 e9fb 

  0x000001ed498d3194: ;   {runtime_call C1 Runtime handle_exception_from_callee_blob}
  0x000001ed498d3194: ffff ffe8 | 447b 4f07 

  0x000001ed498d319c: ;   {external_word}
  0x000001ed498d319c: 48b9 6808 | fa0f ff7f | 0000 4883 

  0x000001ed498d31a8: ;   {runtime_call}
  0x000001ed498d31a8: e4f0 48b8 | 0091 bd0f | ff7f 0000 

  0x000001ed498d31b4: ;   {section_word}
  0x000001ed498d31b4: ffd0 f449 | bab7 318d | 49ed 0100 

  0x000001ed498d31c0: ;   {runtime_call DeoptimizationBlob}
  0x000001ed498d31c0: 0041 52e9 | 98e0 4207 
[/MachCode]


---------------  P R O C E S S  ---------------

Threads class SMR info:
_java_thread_list=0x000001ed65580520, length=16, elements={
0x000001ed6052f3c0, 0x000001ed6052fb80, 0x000001ed60530740, 0x000001ed60531300,
0x000001ed60533ed0, 0x000001ed60536aa0, 0x000001ed6053b6d0, 0x000001ed60540560,
0x000001ed605adda0, 0x000001ed6083f7f0, 0x000001ed653aead0, 0x000001ed65280650,
0x000001ed653af470, 0x000001ed653ee960, 0x000001ed3eae0720, 0x000001ed655c9ad0
}

Java Threads: ( => current thread )
  0x000001ed6052f3c0 JavaThread "Reference Handler"          daemon [_thread_blocked, id=3792, stack(0x0000004975a00000,0x0000004975b00000) (1024K)]
  0x000001ed6052fb80 JavaThread "Finalizer"                  daemon [_thread_blocked, id=9124, stack(0x0000004975b00000,0x0000004975c00000) (1024K)]
  0x000001ed60530740 JavaThread "Signal Dispatcher"          daemon [_thread_blocked, id=7660, stack(0x0000004975c00000,0x0000004975d00000) (1024K)]
  0x000001ed60531300 JavaThread "Attach Listener"            daemon [_thread_blocked, id=23004, stack(0x0000004975d00000,0x0000004975e00000) (1024K)]
  0x000001ed60533ed0 JavaThread "Service Thread"             daemon [_thread_blocked, id=23064, stack(0x0000004975e00000,0x0000004975f00000) (1024K)]
  0x000001ed60536aa0 JavaThread "Monitor Deflation Thread"   daemon [_thread_blocked, id=20756, stack(0x0000004975f00000,0x0000004976000000) (1024K)]
  0x000001ed6053b6d0 JavaThread "C2 CompilerThread0"         daemon [_thread_blocked, id=3008, stack(0x0000004976000000,0x0000004976100000) (1024K)]
  0x000001ed60540560 JavaThread "C1 CompilerThread0"         daemon [_thread_blocked, id=10984, stack(0x0000004976100000,0x0000004976200000) (1024K)]
  0x000001ed605adda0 JavaThread "Notification Thread"        daemon [_thread_blocked, id=14992, stack(0x0000004976200000,0x0000004976300000) (1024K)]
  0x000001ed6083f7f0 JavaThread "Common-Cleaner"             daemon [_thread_blocked, id=3368, stack(0x0000004976300000,0x0000004976400000) (1024K)]
  0x000001ed653aead0 JavaThread "Java2D Disposer"            daemon [_thread_blocked, id=19452, stack(0x0000004976400000,0x0000004976500000) (1024K)]
  0x000001ed65280650 JavaThread "AWT-Shutdown"                      [_thread_blocked, id=10296, stack(0x0000004976500000,0x0000004976600000) (1024K)]
  0x000001ed653af470 JavaThread "AWT-Windows"                daemon [_thread_in_native, id=13288, stack(0x0000004976600000,0x0000004976700000) (1024K)]
=>0x000001ed653ee960 JavaThread "AWT-EventQueue-0"                  [_thread_in_native, id=16160, stack(0x0000004976700000,0x0000004976800000) (1024K)]
  0x000001ed3eae0720 JavaThread "DestroyJavaVM"                     [_thread_blocked, id=24044, stack(0x0000004975200000,0x0000004975300000) (1024K)]
  0x000001ed655c9ad0 JavaThread "TimerQueue"                 daemon [_thread_blocked, id=7980, stack(0x0000004976b00000,0x0000004976c00000) (1024K)]
Total: 16

Other Threads:
  0x000001ed6051aad0 VMThread "VM Thread"                           [id=22472, stack(0x0000004975900000,0x0000004975a00000) (1024K)]
  0x000001ed6050e340 WatcherThread "VM Periodic Task Thread"        [id=5936, stack(0x0000004975800000,0x0000004975900000) (1024K)]
  0x000001ed40f53850 WorkerThread "GC Thread#0"                     [id=16648, stack(0x0000004975300000,0x0000004975400000) (1024K)]
  0x000001ed40f6c080 ConcurrentGCThread "G1 Main Marker"            [id=20060, stack(0x0000004975400000,0x0000004975500000) (1024K)]
  0x000001ed40f6cc20 WorkerThread "G1 Conc#0"                       [id=6436, stack(0x0000004975500000,0x0000004975600000) (1024K)]
  0x000001ed603d6590 ConcurrentGCThread "G1 Refine#0"               [id=5916, stack(0x0000004975600000,0x0000004975700000) (1024K)]
  0x000001ed603d7e60 ConcurrentGCThread "G1 Service"                [id=13000, stack(0x0000004975700000,0x0000004975800000) (1024K)]
Total: 7

Threads with active compile tasks:
Total: 0

VM state: not at safepoint (normal execution)

VM Mutex/Monitor currently owned by a thread: None

Heap address: 0x0000000705c00000, size: 4004 MB, Compressed Oops mode: Zero based, Oop shift amount: 3

CDS archive(s) mapped at: [0x000000000d000000-0x000000000ddd0000-0x000000000ddd0000), size 14483456, SharedBaseAddress: 0x000000000d000000, ArchiveRelocationMode: 1.
Compressed class space mapped at: 0x000000000e000000-0x000000004e000000, reserved size: 1073741824
UseCompressedClassPointers 1, UseCompactObjectHeaders 0
Narrow klass pointer bits 32, Max shift 3
Narrow klass base: 0x000000000d000000, Narrow klass shift: 0
Encoding Range: [0x000000000d000000 - 0x000000010d000000), (4294967296 bytes)
Klass Range:    [0x000000000d010000 - 0x000000004e000000), (1090453504 bytes)
Klass ID Range:  [65536 - 1090519033) (1090453497)
Protection zone: [0x000000000d000000 - 0x000000000d010000), (65536 bytes)

GC Precious Log:
 CardTable entry size: 512
 Card Set container configuration: InlinePtr #cards 4 size 8 Array Of Cards #cards 16 size 48 Howl #buckets 8 coarsen threshold 3686 Howl Bitmap #cards 512 size 80 coarsen threshold 460 Card regions per heap region 1 cards per card region 4096
 CPUs: 12 total, 12 available
 Memory: 16009M
 Large Page Support: Disabled
 NUMA Support: Disabled
 Compressed Oops: Enabled (Zero based)
 Heap Region Size: 2M
 Heap Min Capacity: 8M
 Heap Initial Capacity: 252M
 Heap Max Capacity: 4004M
 Pre-touch: Disabled
 Parallel Workers: 10
 Concurrent Workers: 3
 Concurrent Refinement Workers: 10
 Periodic GC: Disabled

Heap:
 garbage-first heap   total reserved 4100096K, committed 260096K, used 19605K [0x0000000705c00000, 0x0000000800000000)
  region size 2048K, 8 young (16384K), 0 survivors (0K)

Heap Regions: E=young(eden), S=young(survivor), O=old, HS=humongous(starts), HC=humongous(continues), CS=collection set, F=free, TAMS=top-at-mark-start, PB=parsable bottom
|   0|0x0000000705c00000, 0x0000000705e00000, 0x0000000705e00000|100%|HS|  |TAMS 0x0000000705c00000| PB 0x0000000705c00000| Complete |  0
|   1|0x0000000705e00000, 0x0000000706000000, 0x0000000706000000|100%|HC|  |TAMS 0x0000000705e00000| PB 0x0000000705e00000| Complete |  0
|   2|0x0000000706000000, 0x0000000706000000, 0x0000000706200000|  0%| F|  |TAMS 0x0000000706000000| PB 0x0000000706000000| Untracked |  0
|   3|0x0000000706200000, 0x0000000706200000, 0x0000000706400000|  0%| F|  |TAMS 0x0000000706200000| PB 0x0000000706200000| Untracked |  0
|   4|0x0000000706400000, 0x0000000706400000, 0x0000000706600000|  0%| F|  |TAMS 0x0000000706400000| PB 0x0000000706400000| Untracked |  0
|   5|0x0000000706600000, 0x0000000706600000, 0x0000000706800000|  0%| F|  |TAMS 0x0000000706600000| PB 0x0000000706600000| Untracked |  0
|   6|0x0000000706800000, 0x0000000706800000, 0x0000000706a00000|  0%| F|  |TAMS 0x0000000706800000| PB 0x0000000706800000| Untracked |  0
|   7|0x0000000706a00000, 0x0000000706a00000, 0x0000000706c00000|  0%| F|  |TAMS 0x0000000706a00000| PB 0x0000000706a00000| Untracked |  0
|   8|0x0000000706c00000, 0x0000000706c00000, 0x0000000706e00000|  0%| F|  |TAMS 0x0000000706c00000| PB 0x0000000706c00000| Untracked |  0
|   9|0x0000000706e00000, 0x0000000706e00000, 0x0000000707000000|  0%| F|  |TAMS 0x0000000706e00000| PB 0x0000000706e00000| Untracked |  0
|  10|0x0000000707000000, 0x0000000707000000, 0x0000000707200000|  0%| F|  |TAMS 0x0000000707000000| PB 0x0000000707000000| Untracked |  0
|  11|0x0000000707200000, 0x0000000707200000, 0x0000000707400000|  0%| F|  |TAMS 0x0000000707200000| PB 0x0000000707200000| Untracked |  0
|  12|0x0000000707400000, 0x0000000707400000, 0x0000000707600000|  0%| F|  |TAMS 0x0000000707400000| PB 0x0000000707400000| Untracked |  0
|  13|0x0000000707600000, 0x0000000707600000, 0x0000000707800000|  0%| F|  |TAMS 0x0000000707600000| PB 0x0000000707600000| Untracked |  0
|  14|0x0000000707800000, 0x0000000707800000, 0x0000000707a00000|  0%| F|  |TAMS 0x0000000707800000| PB 0x0000000707800000| Untracked |  0
|  15|0x0000000707a00000, 0x0000000707a00000, 0x0000000707c00000|  0%| F|  |TAMS 0x0000000707a00000| PB 0x0000000707a00000| Untracked |  0
|  16|0x0000000707c00000, 0x0000000707c00000, 0x0000000707e00000|  0%| F|  |TAMS 0x0000000707c00000| PB 0x0000000707c00000| Untracked |  0
|  17|0x0000000707e00000, 0x0000000707e00000, 0x0000000708000000|  0%| F|  |TAMS 0x0000000707e00000| PB 0x0000000707e00000| Untracked |  0
|  18|0x0000000708000000, 0x0000000708000000, 0x0000000708200000|  0%| F|  |TAMS 0x0000000708000000| PB 0x0000000708000000| Untracked |  0
|  19|0x0000000708200000, 0x0000000708200000, 0x0000000708400000|  0%| F|  |TAMS 0x0000000708200000| PB 0x0000000708200000| Untracked |  0
|  20|0x0000000708400000, 0x0000000708400000, 0x0000000708600000|  0%| F|  |TAMS 0x0000000708400000| PB 0x0000000708400000| Untracked |  0
|  21|0x0000000708600000, 0x0000000708600000, 0x0000000708800000|  0%| F|  |TAMS 0x0000000708600000| PB 0x0000000708600000| Untracked |  0
|  22|0x0000000708800000, 0x0000000708800000, 0x0000000708a00000|  0%| F|  |TAMS 0x0000000708800000| PB 0x0000000708800000| Untracked |  0
|  23|0x0000000708a00000, 0x0000000708a00000, 0x0000000708c00000|  0%| F|  |TAMS 0x0000000708a00000| PB 0x0000000708a00000| Untracked |  0
|  24|0x0000000708c00000, 0x0000000708c00000, 0x0000000708e00000|  0%| F|  |TAMS 0x0000000708c00000| PB 0x0000000708c00000| Untracked |  0
|  25|0x0000000708e00000, 0x0000000708e00000, 0x0000000709000000|  0%| F|  |TAMS 0x0000000708e00000| PB 0x0000000708e00000| Untracked |  0
|  26|0x0000000709000000, 0x0000000709000000, 0x0000000709200000|  0%| F|  |TAMS 0x0000000709000000| PB 0x0000000709000000| Untracked |  0
|  27|0x0000000709200000, 0x0000000709200000, 0x0000000709400000|  0%| F|  |TAMS 0x0000000709200000| PB 0x0000000709200000| Untracked |  0
|  28|0x0000000709400000, 0x0000000709400000, 0x0000000709600000|  0%| F|  |TAMS 0x0000000709400000| PB 0x0000000709400000| Untracked |  0
|  29|0x0000000709600000, 0x0000000709600000, 0x0000000709800000|  0%| F|  |TAMS 0x0000000709600000| PB 0x0000000709600000| Untracked |  0
|  30|0x0000000709800000, 0x0000000709800000, 0x0000000709a00000|  0%| F|  |TAMS 0x0000000709800000| PB 0x0000000709800000| Untracked |  0
|  31|0x0000000709a00000, 0x0000000709a00000, 0x0000000709c00000|  0%| F|  |TAMS 0x0000000709a00000| PB 0x0000000709a00000| Untracked |  0
|  32|0x0000000709c00000, 0x0000000709c00000, 0x0000000709e00000|  0%| F|  |TAMS 0x0000000709c00000| PB 0x0000000709c00000| Untracked |  0
|  33|0x0000000709e00000, 0x0000000709e00000, 0x000000070a000000|  0%| F|  |TAMS 0x0000000709e00000| PB 0x0000000709e00000| Untracked |  0
|  34|0x000000070a000000, 0x000000070a000000, 0x000000070a200000|  0%| F|  |TAMS 0x000000070a000000| PB 0x000000070a000000| Untracked |  0
|  35|0x000000070a200000, 0x000000070a200000, 0x000000070a400000|  0%| F|  |TAMS 0x000000070a200000| PB 0x000000070a200000| Untracked |  0
|  36|0x000000070a400000, 0x000000070a400000, 0x000000070a600000|  0%| F|  |TAMS 0x000000070a400000| PB 0x000000070a400000| Untracked |  0
|  37|0x000000070a600000, 0x000000070a600000, 0x000000070a800000|  0%| F|  |TAMS 0x000000070a600000| PB 0x000000070a600000| Untracked |  0
|  38|0x000000070a800000, 0x000000070a800000, 0x000000070aa00000|  0%| F|  |TAMS 0x000000070a800000| PB 0x000000070a800000| Untracked |  0
|  39|0x000000070aa00000, 0x000000070aa00000, 0x000000070ac00000|  0%| F|  |TAMS 0x000000070aa00000| PB 0x000000070aa00000| Untracked |  0
|  40|0x000000070ac00000, 0x000000070ac00000, 0x000000070ae00000|  0%| F|  |TAMS 0x000000070ac00000| PB 0x000000070ac00000| Untracked |  0
|  41|0x000000070ae00000, 0x000000070ae00000, 0x000000070b000000|  0%| F|  |TAMS 0x000000070ae00000| PB 0x000000070ae00000| Untracked |  0
|  42|0x000000070b000000, 0x000000070b000000, 0x000000070b200000|  0%| F|  |TAMS 0x000000070b000000| PB 0x000000070b000000| Untracked |  0
|  43|0x000000070b200000, 0x000000070b200000, 0x000000070b400000|  0%| F|  |TAMS 0x000000070b200000| PB 0x000000070b200000| Untracked |  0
|  44|0x000000070b400000, 0x000000070b400000, 0x000000070b600000|  0%| F|  |TAMS 0x000000070b400000| PB 0x000000070b400000| Untracked |  0
|  45|0x000000070b600000, 0x000000070b600000, 0x000000070b800000|  0%| F|  |TAMS 0x000000070b600000| PB 0x000000070b600000| Untracked |  0
|  46|0x000000070b800000, 0x000000070b800000, 0x000000070ba00000|  0%| F|  |TAMS 0x000000070b800000| PB 0x000000070b800000| Untracked |  0
|  47|0x000000070ba00000, 0x000000070ba00000, 0x000000070bc00000|  0%| F|  |TAMS 0x000000070ba00000| PB 0x000000070ba00000| Untracked |  0
|  48|0x000000070bc00000, 0x000000070bc00000, 0x000000070be00000|  0%| F|  |TAMS 0x000000070bc00000| PB 0x000000070bc00000| Untracked |  0
|  49|0x000000070be00000, 0x000000070be00000, 0x000000070c000000|  0%| F|  |TAMS 0x000000070be00000| PB 0x000000070be00000| Untracked |  0
|  50|0x000000070c000000, 0x000000070c000000, 0x000000070c200000|  0%| F|  |TAMS 0x000000070c000000| PB 0x000000070c000000| Untracked |  0
|  51|0x000000070c200000, 0x000000070c200000, 0x000000070c400000|  0%| F|  |TAMS 0x000000070c200000| PB 0x000000070c200000| Untracked |  0
|  52|0x000000070c400000, 0x000000070c400000, 0x000000070c600000|  0%| F|  |TAMS 0x000000070c400000| PB 0x000000070c400000| Untracked |  0
|  53|0x000000070c600000, 0x000000070c600000, 0x000000070c800000|  0%| F|  |TAMS 0x000000070c600000| PB 0x000000070c600000| Untracked |  0
|  54|0x000000070c800000, 0x000000070c800000, 0x000000070ca00000|  0%| F|  |TAMS 0x000000070c800000| PB 0x000000070c800000| Untracked |  0
|  55|0x000000070ca00000, 0x000000070ca00000, 0x000000070cc00000|  0%| F|  |TAMS 0x000000070ca00000| PB 0x000000070ca00000| Untracked |  0
|  56|0x000000070cc00000, 0x000000070cc00000, 0x000000070ce00000|  0%| F|  |TAMS 0x000000070cc00000| PB 0x000000070cc00000| Untracked |  0
|  57|0x000000070ce00000, 0x000000070ce00000, 0x000000070d000000|  0%| F|  |TAMS 0x000000070ce00000| PB 0x000000070ce00000| Untracked |  0
|  58|0x000000070d000000, 0x000000070d000000, 0x000000070d200000|  0%| F|  |TAMS 0x000000070d000000| PB 0x000000070d000000| Untracked |  0
|  59|0x000000070d200000, 0x000000070d200000, 0x000000070d400000|  0%| F|  |TAMS 0x000000070d200000| PB 0x000000070d200000| Untracked |  0
|  60|0x000000070d400000, 0x000000070d400000, 0x000000070d600000|  0%| F|  |TAMS 0x000000070d400000| PB 0x000000070d400000| Untracked |  0
|  61|0x000000070d600000, 0x000000070d600000, 0x000000070d800000|  0%| F|  |TAMS 0x000000070d600000| PB 0x000000070d600000| Untracked |  0
|  62|0x000000070d800000, 0x000000070d800000, 0x000000070da00000|  0%| F|  |TAMS 0x000000070d800000| PB 0x000000070d800000| Untracked |  0
|  63|0x000000070da00000, 0x000000070da00000, 0x000000070dc00000|  0%| F|  |TAMS 0x000000070da00000| PB 0x000000070da00000| Untracked |  0
|  64|0x000000070dc00000, 0x000000070dc00000, 0x000000070de00000|  0%| F|  |TAMS 0x000000070dc00000| PB 0x000000070dc00000| Untracked |  0
|  65|0x000000070de00000, 0x000000070de00000, 0x000000070e000000|  0%| F|  |TAMS 0x000000070de00000| PB 0x000000070de00000| Untracked |  0
|  66|0x000000070e000000, 0x000000070e000000, 0x000000070e200000|  0%| F|  |TAMS 0x000000070e000000| PB 0x000000070e000000| Untracked |  0
|  67|0x000000070e200000, 0x000000070e200000, 0x000000070e400000|  0%| F|  |TAMS 0x000000070e200000| PB 0x000000070e200000| Untracked |  0
|  68|0x000000070e400000, 0x000000070e400000, 0x000000070e600000|  0%| F|  |TAMS 0x000000070e400000| PB 0x000000070e400000| Untracked |  0
|  69|0x000000070e600000, 0x000000070e600000, 0x000000070e800000|  0%| F|  |TAMS 0x000000070e600000| PB 0x000000070e600000| Untracked |  0
|  70|0x000000070e800000, 0x000000070e800000, 0x000000070ea00000|  0%| F|  |TAMS 0x000000070e800000| PB 0x000000070e800000| Untracked |  0
|  71|0x000000070ea00000, 0x000000070ea00000, 0x000000070ec00000|  0%| F|  |TAMS 0x000000070ea00000| PB 0x000000070ea00000| Untracked |  0
|  72|0x000000070ec00000, 0x000000070ec00000, 0x000000070ee00000|  0%| F|  |TAMS 0x000000070ec00000| PB 0x000000070ec00000| Untracked |  0
|  73|0x000000070ee00000, 0x000000070ee00000, 0x000000070f000000|  0%| F|  |TAMS 0x000000070ee00000| PB 0x000000070ee00000| Untracked |  0
|  74|0x000000070f000000, 0x000000070f000000, 0x000000070f200000|  0%| F|  |TAMS 0x000000070f000000| PB 0x000000070f000000| Untracked |  0
|  75|0x000000070f200000, 0x000000070f200000, 0x000000070f400000|  0%| F|  |TAMS 0x000000070f200000| PB 0x000000070f200000| Untracked |  0
|  76|0x000000070f400000, 0x000000070f400000, 0x000000070f600000|  0%| F|  |TAMS 0x000000070f400000| PB 0x000000070f400000| Untracked |  0
|  77|0x000000070f600000, 0x000000070f600000, 0x000000070f800000|  0%| F|  |TAMS 0x000000070f600000| PB 0x000000070f600000| Untracked |  0
|  78|0x000000070f800000, 0x000000070f800000, 0x000000070fa00000|  0%| F|  |TAMS 0x000000070f800000| PB 0x000000070f800000| Untracked |  0
|  79|0x000000070fa00000, 0x000000070fa00000, 0x000000070fc00000|  0%| F|  |TAMS 0x000000070fa00000| PB 0x000000070fa00000| Untracked |  0
|  80|0x000000070fc00000, 0x000000070fc00000, 0x000000070fe00000|  0%| F|  |TAMS 0x000000070fc00000| PB 0x000000070fc00000| Untracked |  0
|  81|0x000000070fe00000, 0x000000070fe00000, 0x0000000710000000|  0%| F|  |TAMS 0x000000070fe00000| PB 0x000000070fe00000| Untracked |  0
|  82|0x0000000710000000, 0x0000000710000000, 0x0000000710200000|  0%| F|  |TAMS 0x0000000710000000| PB 0x0000000710000000| Untracked |  0
|  83|0x0000000710200000, 0x0000000710200000, 0x0000000710400000|  0%| F|  |TAMS 0x0000000710200000| PB 0x0000000710200000| Untracked |  0
|  84|0x0000000710400000, 0x0000000710400000, 0x0000000710600000|  0%| F|  |TAMS 0x0000000710400000| PB 0x0000000710400000| Untracked |  0
|  85|0x0000000710600000, 0x0000000710600000, 0x0000000710800000|  0%| F|  |TAMS 0x0000000710600000| PB 0x0000000710600000| Untracked |  0
|  86|0x0000000710800000, 0x0000000710800000, 0x0000000710a00000|  0%| F|  |TAMS 0x0000000710800000| PB 0x0000000710800000| Untracked |  0
|  87|0x0000000710a00000, 0x0000000710a00000, 0x0000000710c00000|  0%| F|  |TAMS 0x0000000710a00000| PB 0x0000000710a00000| Untracked |  0
|  88|0x0000000710c00000, 0x0000000710c00000, 0x0000000710e00000|  0%| F|  |TAMS 0x0000000710c00000| PB 0x0000000710c00000| Untracked |  0
|  89|0x0000000710e00000, 0x0000000710e00000, 0x0000000711000000|  0%| F|  |TAMS 0x0000000710e00000| PB 0x0000000710e00000| Untracked |  0
|  90|0x0000000711000000, 0x0000000711000000, 0x0000000711200000|  0%| F|  |TAMS 0x0000000711000000| PB 0x0000000711000000| Untracked |  0
|  91|0x0000000711200000, 0x0000000711200000, 0x0000000711400000|  0%| F|  |TAMS 0x0000000711200000| PB 0x0000000711200000| Untracked |  0
|  92|0x0000000711400000, 0x0000000711400000, 0x0000000711600000|  0%| F|  |TAMS 0x0000000711400000| PB 0x0000000711400000| Untracked |  0
|  93|0x0000000711600000, 0x0000000711600000, 0x0000000711800000|  0%| F|  |TAMS 0x0000000711600000| PB 0x0000000711600000| Untracked |  0
|  94|0x0000000711800000, 0x0000000711800000, 0x0000000711a00000|  0%| F|  |TAMS 0x0000000711800000| PB 0x0000000711800000| Untracked |  0
|  95|0x0000000711a00000, 0x0000000711a00000, 0x0000000711c00000|  0%| F|  |TAMS 0x0000000711a00000| PB 0x0000000711a00000| Untracked |  0
|  96|0x0000000711c00000, 0x0000000711c00000, 0x0000000711e00000|  0%| F|  |TAMS 0x0000000711c00000| PB 0x0000000711c00000| Untracked |  0
|  97|0x0000000711e00000, 0x0000000711e00000, 0x0000000712000000|  0%| F|  |TAMS 0x0000000711e00000| PB 0x0000000711e00000| Untracked |  0
|  98|0x0000000712000000, 0x0000000712000000, 0x0000000712200000|  0%| F|  |TAMS 0x0000000712000000| PB 0x0000000712000000| Untracked |  0
|  99|0x0000000712200000, 0x0000000712200000, 0x0000000712400000|  0%| F|  |TAMS 0x0000000712200000| PB 0x0000000712200000| Untracked |  0
| 100|0x0000000712400000, 0x0000000712400000, 0x0000000712600000|  0%| F|  |TAMS 0x0000000712400000| PB 0x0000000712400000| Untracked |  0
| 101|0x0000000712600000, 0x0000000712600000, 0x0000000712800000|  0%| F|  |TAMS 0x0000000712600000| PB 0x0000000712600000| Untracked |  0
| 102|0x0000000712800000, 0x0000000712800000, 0x0000000712a00000|  0%| F|  |TAMS 0x0000000712800000| PB 0x0000000712800000| Untracked |  0
| 103|0x0000000712a00000, 0x0000000712a00000, 0x0000000712c00000|  0%| F|  |TAMS 0x0000000712a00000| PB 0x0000000712a00000| Untracked |  0
| 104|0x0000000712c00000, 0x0000000712c00000, 0x0000000712e00000|  0%| F|  |TAMS 0x0000000712c00000| PB 0x0000000712c00000| Untracked |  0
| 105|0x0000000712e00000, 0x0000000712e00000, 0x0000000713000000|  0%| F|  |TAMS 0x0000000712e00000| PB 0x0000000712e00000| Untracked |  0
| 106|0x0000000713000000, 0x0000000713000000, 0x0000000713200000|  0%| F|  |TAMS 0x0000000713000000| PB 0x0000000713000000| Untracked |  0
| 107|0x0000000713200000, 0x0000000713200000, 0x0000000713400000|  0%| F|  |TAMS 0x0000000713200000| PB 0x0000000713200000| Untracked |  0
| 108|0x0000000713400000, 0x0000000713400000, 0x0000000713600000|  0%| F|  |TAMS 0x0000000713400000| PB 0x0000000713400000| Untracked |  0
| 109|0x0000000713600000, 0x0000000713600000, 0x0000000713800000|  0%| F|  |TAMS 0x0000000713600000| PB 0x0000000713600000| Untracked |  0
| 110|0x0000000713800000, 0x0000000713800000, 0x0000000713a00000|  0%| F|  |TAMS 0x0000000713800000| PB 0x0000000713800000| Untracked |  0
| 111|0x0000000713a00000, 0x0000000713a00000, 0x0000000713c00000|  0%| F|  |TAMS 0x0000000713a00000| PB 0x0000000713a00000| Untracked |  0
| 112|0x0000000713c00000, 0x0000000713c00000, 0x0000000713e00000|  0%| F|  |TAMS 0x0000000713c00000| PB 0x0000000713c00000| Untracked |  0
| 113|0x0000000713e00000, 0x0000000713e00000, 0x0000000714000000|  0%| F|  |TAMS 0x0000000713e00000| PB 0x0000000713e00000| Untracked |  0
| 114|0x0000000714000000, 0x0000000714000000, 0x0000000714200000|  0%| F|  |TAMS 0x0000000714000000| PB 0x0000000714000000| Untracked |  0
| 115|0x0000000714200000, 0x0000000714200000, 0x0000000714400000|  0%| F|  |TAMS 0x0000000714200000| PB 0x0000000714200000| Untracked |  0
| 116|0x0000000714400000, 0x0000000714400000, 0x0000000714600000|  0%| F|  |TAMS 0x0000000714400000| PB 0x0000000714400000| Untracked |  0
| 117|0x0000000714600000, 0x0000000714600000, 0x0000000714800000|  0%| F|  |TAMS 0x0000000714600000| PB 0x0000000714600000| Untracked |  0
| 118|0x0000000714800000, 0x00000007149ee080, 0x0000000714a00000| 96%| E|  |TAMS 0x0000000714800000| PB 0x0000000714800000| Complete |  0
| 119|0x0000000714a00000, 0x0000000714c00000, 0x0000000714c00000|100%| E|CS|TAMS 0x0000000714a00000| PB 0x0000000714a00000| Complete |  0
| 120|0x0000000714c00000, 0x0000000714e00000, 0x0000000714e00000|100%| E|CS|TAMS 0x0000000714c00000| PB 0x0000000714c00000| Complete |  0
| 121|0x0000000714e00000, 0x0000000715000000, 0x0000000715000000|100%| E|CS|TAMS 0x0000000714e00000| PB 0x0000000714e00000| Complete |  0
| 122|0x0000000715000000, 0x0000000715200000, 0x0000000715200000|100%| E|CS|TAMS 0x0000000715000000| PB 0x0000000715000000| Complete |  0
| 123|0x0000000715200000, 0x0000000715400000, 0x0000000715400000|100%| E|CS|TAMS 0x0000000715200000| PB 0x0000000715200000| Complete |  0
| 124|0x0000000715400000, 0x0000000715600000, 0x0000000715600000|100%| E|CS|TAMS 0x0000000715400000| PB 0x0000000715400000| Complete |  0
| 125|0x0000000715600000, 0x0000000715800000, 0x0000000715800000|100%| E|CS|TAMS 0x0000000715600000| PB 0x0000000715600000| Complete |  0
|2001|0x00000007ffe00000, 0x00000007fff257b8, 0x0000000800000000| 57%| O|  |TAMS 0x00000007ffe00000| PB 0x00000007ffe00000| Untracked |  0

Card table byte_map: [0x000001ed594b0000,0x000001ed59c90000] _byte_map_base: 0x000001ed55c82000

Marking Bits: (CMBitMap*) 0x000001ed40f53fe0
 Bits: [0x000001ed59c90000, 0x000001ed5db20000)

Polling page: 0x000001ed3ece0000

Metaspace:
Metaspace        used 10438K, committed 10624K, reserved 1114112K
 class space     used 1187K, committed 1280K, reserved 1048576K

Usage:
  Non-class:      9.03 MB used.
      Class:      1.16 MB used.
       Both:     10.19 MB used.

Virtual space:
  Non-class space:       64.00 MB reserved,       9.12 MB ( 14%) committed,  1 nodes.
      Class space:        1.00 GB reserved,       1.25 MB ( <1%) committed,  1 nodes.
             Both:        1.06 GB reserved,      10.38 MB ( <1%) committed. 

Chunk freelists:
   Non-Class:  6.00 MB
       Class:  14.73 MB
        Both:  20.73 MB

MaxMetaspaceSize: unlimited
CompressedClassSpaceSize: 1.00 GB
Initial GC threshold: 21.00 MB
Current GC threshold: 21.00 MB
CDS: on
 - commit_granule_bytes: 65536.
 - commit_granule_words: 8192.
 - virtual_space_node_default_size: 8388608.
 - enlarge_chunks_in_place: 1.
UseCompressedClassPointers 1, UseCompactObjectHeaders 0
Narrow klass pointer bits 32, Max shift 3
Narrow klass base: 0x000000000d000000, Narrow klass shift: 0
Encoding Range: [0x000000000d000000 - 0x000000010d000000), (4294967296 bytes)
Klass Range:    [0x000000000d010000 - 0x000000004e000000), (1090453504 bytes)
Klass ID Range:  [65536 - 1090519033) (1090453497)
Protection zone: [0x000000000d000000 - 0x000000000d010000), (65536 bytes)


Internal statistics:

num_allocs_failed_limit: 0.
num_arena_births: 94.
num_arena_deaths: 0.
num_vsnodes_births: 2.
num_vsnodes_deaths: 0.
num_space_committed: 166.
num_space_uncommitted: 0.
num_chunks_returned_to_freelist: 0.
num_chunks_taken_from_freelist: 129.
num_chunk_merges: 0.
num_chunk_splits: 77.
num_chunks_enlarged: 37.
num_inconsistent_stats: 0.

CodeHeap 'non-profiled nmethods': size=120064Kb used=322Kb max_used=322Kb free=119741Kb
 bounds [0x000001ed51240000, 0x000001ed514b0000, 0x000001ed58780000]
CodeHeap 'profiled nmethods': size=120000Kb used=1918Kb max_used=1918Kb free=118081Kb
 bounds [0x000001ed49780000, 0x000001ed499f0000, 0x000001ed50cb0000]
CodeHeap 'non-nmethods': size=5696Kb used=1545Kb max_used=1570Kb free=4150Kb
 bounds [0x000001ed50cb0000, 0x000001ed50f20000, 0x000001ed51240000]
CodeCache: size=245760Kb, used=3785Kb, max_used=3810Kb, free=241972Kb
 total_blobs=1996, nmethods=1323, adapters=576, full_count=0
Compilation: enabled, stopped_count=0, restarted_count=0

Compilation events (20 events):
Event: 9.971 Thread 0x000001ed60540560 1314       3       sun.java2d.pipe.ValidatePipe::fillRect (25 bytes)
Event: 9.971 Thread 0x000001ed60540560 nmethod 1314 0x000001ed4995d008 code [0x000001ed4995d100, 0x000001ed4995d6e0]
Event: 77.799 Thread 0x000001ed6053b6d0 1315   !   4       sun.awt.AWTAutoShutdown::setToolkitBusy (124 bytes)
Event: 77.802 Thread 0x000001ed6053b6d0 nmethod 1315 0x000001ed5128fd08 code [0x000001ed5128fe00, 0x000001ed512903e8]
Event: 251.688 Thread 0x000001ed6053b6d0 1316       4       jdk.internal.misc.Unsafe::putReferenceOpaque (9 bytes)
Event: 251.689 Thread 0x000001ed6053b6d0 nmethod 1316 0x000001ed51290408 code [0x000001ed51290500, 0x000001ed51290688]
Event: 311.326 Thread 0x000001ed60540560 1317       3       sun.util.locale.LocaleUtils::isUpper (18 bytes)
Event: 311.326 Thread 0x000001ed60540560 nmethod 1317 0x000001ed4995d708 code [0x000001ed4995d800, 0x000001ed4995d960]
Event: 311.330 Thread 0x000001ed60540560 1318   !   3       sun.java2d.SunGraphics2D::drawLine (74 bytes)
Event: 311.330 Thread 0x000001ed60540560 nmethod 1318 0x000001ed4995da08 code [0x000001ed4995db00, 0x000001ed4995e500]
Event: 311.330 Thread 0x000001ed60540560 1319       3       sun.java2d.pipe.PixelToParallelogramConverter::drawLine (30 bytes)
Event: 311.331 Thread 0x000001ed60540560 nmethod 1319 0x000001ed4995e508 code [0x000001ed4995e600, 0x000001ed4995e878]
Event: 311.380 Thread 0x000001ed60540560 1320       3       sun.java2d.pipe.Region::getIntersectionXYXY (108 bytes)
Event: 311.380 Thread 0x000001ed6053b6d0 1323       4       java.lang.StrictMath::floorOrCeil (128 bytes)
Event: 311.380 Thread 0x000001ed60540560 nmethod 1320 0x000001ed4995e888 code [0x000001ed4995e980, 0x000001ed4995f2b8]
Event: 311.380 Thread 0x000001ed60540560 1321       3       sun.java2d.pipe.Region::isInsideXYXY (39 bytes)
Event: 311.381 Thread 0x000001ed60540560 nmethod 1321 0x000001ed4995f308 code [0x000001ed4995f400, 0x000001ed4995f5e0]
Event: 311.381 Thread 0x000001ed60540560 1322       3       java.awt.geom.AffineTransform::<init> (50 bytes)
Event: 311.381 Thread 0x000001ed60540560 nmethod 1322 0x000001ed4995f608 code [0x000001ed4995f700, 0x000001ed4995f890]
Event: 311.381 Thread 0x000001ed6053b6d0 nmethod 1323 0x000001ed51290708 code [0x000001ed51290820, 0x000001ed51290920]

GC Heap Usage History (0 events):
No events

Metaspace Usage History (0 events):
No events

Dll operation events (7 events):
Event: 0.006 Loaded shared library C:\Program Files\Java\jdk-25.0.2\bin\java.dll
Event: 0.036 Loaded shared library C:\Program Files\Java\jdk-25.0.2\bin\jimage.dll
Event: 0.042 Loaded shared library C:\Program Files\Java\jdk-25.0.2\bin\awt.dll
Event: 0.160 Loaded shared library C:\Program Files\Java\jdk-25.0.2\bin\freetype.dll
Event: 0.161 Loaded shared library C:\Program Files\Java\jdk-25.0.2\bin\fontmanager.dll
Event: 0.193 Loaded shared library C:\Program Files\Java\jdk-25.0.2\bin\net.dll
Event: 0.194 Loaded shared library C:\Program Files\Java\jdk-25.0.2\bin\nio.dll

Deoptimization events (8 events):
Event: 0.179 Thread 0x000001ed3eae0720 Uncommon trap: trap_request=0xffffff45 fr.pc=0x000001ed512637ec relative=0x00000000000004ec
Event: 0.179 Thread 0x000001ed3eae0720 Uncommon trap: reason=unstable_if action=reinterpret pc=0x000001ed512637ec method=java.lang.StringLatin1.replace([BCC)Ljava/lang/String; @ 19 c2
Event: 0.179 Thread 0x000001ed3eae0720 DEOPT PACKING pc=0x000001ed512637ec sp=0x00000049752fe5e0
Event: 0.179 Thread 0x000001ed3eae0720 DEOPT UNPACKING pc=0x000001ed50dcfc02 sp=0x00000049752fe560 mode 2
Event: 8.272 Thread 0x000001ed653ee960 DEOPT PACKING pc=0x000001ed498afdf4 sp=0x00000049767fceb0
Event: 8.272 Thread 0x000001ed653ee960 DEOPT UNPACKING pc=0x000001ed50d01702 sp=0x00000049767fc320 mode 0
Event: 8.274 Thread 0x000001ed653ee960 DEOPT PACKING pc=0x000001ed498afdf4 sp=0x00000049767fceb0
Event: 8.274 Thread 0x000001ed653ee960 DEOPT UNPACKING pc=0x000001ed50d01702 sp=0x00000049767fc320 mode 0

Classes loaded (20 events):
Event: 1.065 Loading class java/awt/Container$EventTargetFilter done
Event: 1.065 Loading class java/awt/Container$MouseEventTargetFilter done
Event: 2.105 Loading class javax/swing/JInternalFrame
Event: 2.106 Loading class javax/swing/JInternalFrame done
Event: 2.117 Loading class javax/swing/JTable$PrintMode
Event: 2.117 Loading class javax/swing/JTable$PrintMode done
Event: 2.117 Loading class javax/swing/table/DefaultTableCellRenderer$UIResource
Event: 2.117 Loading class javax/swing/table/DefaultTableCellRenderer$UIResource done
Event: 3.069 Loading class javax/swing/TimerQueue
Event: 3.069 Loading class javax/swing/TimerQueue done
Event: 3.069 Loading class java/util/concurrent/DelayQueue
Event: 3.070 Loading class java/util/concurrent/BlockingQueue
Event: 3.070 Loading class java/util/concurrent/BlockingQueue done
Event: 3.070 Loading class java/util/concurrent/DelayQueue done
Event: 3.070 Loading class java/util/PriorityQueue
Event: 3.070 Loading class java/util/PriorityQueue done
Event: 3.070 Loading class javax/swing/TimerQueue$DelayedTimer
Event: 3.070 Loading class java/util/concurrent/Delayed
Event: 3.070 Loading class java/util/concurrent/Delayed done
Event: 3.070 Loading class javax/swing/TimerQueue$DelayedTimer done

Classes unloaded (0 events):
No events

Classes redefined (0 events):
No events

Internal exceptions (20 events):
Event: 0.074 Thread 0x000001ed3eae0720 Exception <a 'java/lang/NoSuchMethodError'{0x000000071520f178}: 'java.lang.Object java.lang.invoke.DirectMethodHandle$Holder.invokeStatic(java.lang.Object, long, java.lang.Object)'> (0x000000071520f178) 
thrown [s\open\src\hotspot\share\interpreter\linkResolver.cpp, line 804]
Event: 0.074 Thread 0x000001ed3eae0720 Exception <a 'java/lang/NoSuchMethodError'{0x00000007152172c8}: 'java.lang.Object java.lang.invoke.DirectMethodHandle$Holder.invokeStaticInit(java.lang.Object, long, java.lang.Object)'> (0x00000007152172c8) 
thrown [s\open\src\hotspot\share\interpreter\linkResolver.cpp, line 804]
Event: 0.074 Thread 0x000001ed3eae0720 Exception <a 'java/lang/NoSuchMethodError'{0x000000071521fad8}: 'java.lang.Object java.lang.invoke.DirectMethodHandle$Holder.invokeStaticInit(java.lang.Object, long)'> (0x000000071521fad8) 
thrown [s\open\src\hotspot\share\interpreter\linkResolver.cpp, line 804]
Event: 0.084 Thread 0x000001ed3eae0720 Exception <a 'java/lang/NoSuchMethodError'{0x000000071524dab8}: 'void java.lang.invoke.DirectMethodHandle$Holder.invokeSpecial(java.lang.Object, java.lang.Object, java.lang.Object)'> (0x000000071524dab8) 
thrown [s\open\src\hotspot\share\interpreter\linkResolver.cpp, line 804]
Event: 0.089 Thread 0x000001ed3eae0720 Exception <a 'java/lang/NoSuchMethodError'{0x00000007152bcc60}: 'java.lang.Object java.lang.invoke.DirectMethodHandle$Holder.newInvokeSpecial(java.lang.Object, java.lang.Object, java.lang.Object, java.lang.Object, java.lang.Object)'> (0x00000007152bcc60) 
thrown [s\open\src\hotspot\share\interpreter\linkResolver.cpp, line 804]
Event: 0.092 Thread 0x000001ed3eae0720 Exception <a 'java/lang/NoSuchMethodError'{0x00000007153255a8}: 'java.lang.Object java.lang.invoke.DirectMethodHandle$Holder.invokeStatic(java.lang.Object, int, java.lang.Object)'> (0x00000007153255a8) 
thrown [s\open\src\hotspot\share\interpreter\linkResolver.cpp, line 804]
Event: 0.107 Thread 0x000001ed3eae0720 Exception <a 'java/lang/ClassNotFoundException'{0x0000000715152d48}: com/sun/swing/internal/plaf/metal/resources/spi/metalProvider> (0x0000000715152d48) 
thrown [s\open\src\hotspot\share\classfile\systemDictionary.cpp, line 327]
Event: 0.107 Thread 0x000001ed3eae0720 Exception <a 'java/lang/ClassNotFoundException'{0x00000007151567b8}: com/sun/swing/internal/plaf/basic/resources/spi/basicProvider> (0x00000007151567b8) 
thrown [s\open\src\hotspot\share\classfile\systemDictionary.cpp, line 327]
Event: 0.112 Thread 0x000001ed3eae0720 Exception <a 'java/lang/NoSuchMethodError'{0x0000000715184b88}: 'int java.lang.invoke.Invokers$Holder.invokeExact_MT(java.lang.Object, java.lang.Object)'> (0x0000000715184b88) 
thrown [s\open\src\hotspot\share\interpreter\linkResolver.cpp, line 804]
Event: 0.141 Thread 0x000001ed3eae0720 Exception <a 'java/lang/NoSuchMethodError'{0x00000007151ef228}: 'void java.lang.invoke.DirectMethodHandle$Holder.invokeStatic(java.lang.Object, java.lang.Object)'> (0x00000007151ef228) 
thrown [s\open\src\hotspot\share\interpreter\linkResolver.cpp, line 804]
Event: 0.151 Thread 0x000001ed653af470 Exception <a 'java/lang/NoSuchMethodError'{0x0000000715505cf0}: 'void java.lang.invoke.DirectMethodHandle$Holder.invokeVirtual(java.lang.Object, java.lang.Object)'> (0x0000000715505cf0) 
thrown [s\open\src\hotspot\share\interpreter\linkResolver.cpp, line 804]
Event: 0.158 Thread 0x000001ed3eae0720 Exception <a 'java/lang/NoSuchMethodError'{0x0000000714e95060}: 'void java.lang.invoke.DirectMethodHandle$Holder.invokeStaticInit(java.lang.Object)'> (0x0000000714e95060) 
thrown [s\open\src\hotspot\share\interpreter\linkResolver.cpp, line 804]
Event: 0.165 Thread 0x000001ed3eae0720 Exception <a 'java/lang/NoSuchMethodError'{0x0000000714ec9ba8}: 'long java.lang.invoke.DirectMethodHandle$Holder.invokeStaticInit(java.lang.Object, long, long, long, long)'> (0x0000000714ec9ba8) 
thrown [s\open\src\hotspot\share\interpreter\linkResolver.cpp, line 804]
Event: 0.165 Thread 0x000001ed3eae0720 Exception <a 'java/lang/NoSuchMethodError'{0x0000000714ed2778}: 'java.lang.Object java.lang.invoke.DirectMethodHandle$Holder.invokeInterface(java.lang.Object, java.lang.Object, long, long)'> (0x0000000714ed2778) 
thrown [s\open\src\hotspot\share\interpreter\linkResolver.cpp, line 804]
Event: 0.166 Thread 0x000001ed3eae0720 Exception <a 'java/lang/NoSuchMethodError'{0x0000000714eeb130}: 'void java.lang.invoke.DirectMethodHandle$Holder.invokeStaticInit(java.lang.Object, java.lang.Object, long, java.lang.Object)'> (0x0000000714eeb130) 
thrown [s\open\src\hotspot\share\interpreter\linkResolver.cpp, line 804]
Event: 0.167 Thread 0x000001ed3eae0720 Exception <a 'java/lang/NoSuchMethodError'{0x0000000714ef3d68}: 'long java.lang.invoke.DirectMethodHandle$Holder.invokeStatic(java.lang.Object, long, long)'> (0x0000000714ef3d68) 
thrown [s\open\src\hotspot\share\interpreter\linkResolver.cpp, line 804]
Event: 0.168 Thread 0x000001ed3eae0720 Exception <a 'java/lang/NoSuchMethodError'{0x0000000714f16328}: 'java.lang.Object java.lang.invoke.DirectMethodHandle$Holder.newInvokeSpecial(java.lang.Object, int, java.lang.Object)'> (0x0000000714f16328) 
thrown [s\open\src\hotspot\share\interpreter\linkResolver.cpp, line 804]
Event: 0.201 Thread 0x000001ed3eae0720 Exception <a 'java/lang/NoSuchMethodError'{0x0000000714fa47a8}: 'void java.lang.invoke.DelegatingMethodHandle$Holder.reinvoke_L(java.lang.Object, java.lang.Object, java.lang.Object, long, float)'> (0x0000000714fa47a8) 
thrown [s\open\src\hotspot\share\interpreter\linkResolver.cpp, line 804]
Event: 0.202 Thread 0x000001ed3eae0720 Exception <a 'java/lang/NoSuchMethodError'{0x0000000714fbca08}: 'java.lang.Object java.lang.invoke.DirectMethodHandle$Holder.invokeStatic(java.lang.Object, java.lang.Object, java.lang.Object, java.lang.Object, long)'> (0x0000000714fbca08) 
thrown [s\open\src\hotspot\share\interpreter\linkResolver.cpp, line 804]
Event: 0.203 Thread 0x000001ed3eae0720 Exception <a 'java/lang/NoSuchMethodError'{0x0000000714fdeab8}: 'float java.lang.invoke.DelegatingMethodHandle$Holder.reinvoke_L(java.lang.Object, java.lang.Object, java.lang.Object, long)'> (0x0000000714fdeab8) 
thrown [s\open\src\hotspot\share\interpreter\linkResolver.cpp, line 804]

VM Operations (20 events):
Event: 0.107 Executing non-safepoint VM operation: HandshakeAllThreads (Deoptimize)
Event: 0.107 Executing non-safepoint VM operation: HandshakeAllThreads (Deoptimize) done
Event: 0.114 Executing non-safepoint VM operation: HandshakeAllThreads (Deoptimize)
Event: 0.114 Executing non-safepoint VM operation: HandshakeAllThreads (Deoptimize) done
Event: 0.124 Executing non-safepoint VM operation: HandshakeAllThreads (Deoptimize)
Event: 0.124 Executing non-safepoint VM operation: HandshakeAllThreads (Deoptimize) done
Event: 0.195 Executing non-safepoint VM operation: HandshakeAllThreads (Deoptimize)
Event: 0.195 Executing non-safepoint VM operation: HandshakeAllThreads (Deoptimize) done
Event: 0.270 Executing non-safepoint VM operation: HandshakeAllThreads (Deoptimize)
Event: 0.270 Executing non-safepoint VM operation: HandshakeAllThreads (Deoptimize) done
Event: 0.277 Executing non-safepoint VM operation: HandshakeAllThreads (Deoptimize)
Event: 0.277 Executing non-safepoint VM operation: HandshakeAllThreads (Deoptimize) done
Event: 60.105 Executing non-safepoint VM operation: HandshakeAllThreads (HandshakeForDeflation)
Event: 60.105 Executing non-safepoint VM operation: HandshakeAllThreads (HandshakeForDeflation) done
Event: 60.105 Executing non-safepoint VM operation: RendezvousGCThreads
Event: 60.105 Executing non-safepoint VM operation: RendezvousGCThreads done
Event: 360.578 Executing non-safepoint VM operation: HandshakeAllThreads (HandshakeForDeflation)
Event: 360.578 Executing non-safepoint VM operation: HandshakeAllThreads (HandshakeForDeflation) done
Event: 360.578 Executing non-safepoint VM operation: RendezvousGCThreads
Event: 360.578 Executing non-safepoint VM operation: RendezvousGCThreads done

Memory protections (0 events):
No events

Nmethod flushes (0 events):
No events

Events (18 events):
Event: 0.015 Thread 0x000001ed3eae0720 Thread added: 0x000001ed3eae0720
Event: 0.022 Thread 0x000001ed3eae0720 Thread added: 0x000001ed6052f3c0
Event: 0.022 Thread 0x000001ed3eae0720 Thread added: 0x000001ed6052fb80
Event: 0.022 Thread 0x000001ed3eae0720 Thread added: 0x000001ed60530740
Event: 0.022 Thread 0x000001ed3eae0720 Thread added: 0x000001ed60531300
Event: 0.022 Thread 0x000001ed3eae0720 Thread added: 0x000001ed60533ed0
Event: 0.022 Thread 0x000001ed3eae0720 Thread added: 0x000001ed60536aa0
Event: 0.022 Thread 0x000001ed3eae0720 Thread added: 0x000001ed6053b6d0
Event: 0.022 Thread 0x000001ed3eae0720 Thread added: 0x000001ed60540560
Event: 0.024 Thread 0x000001ed3eae0720 Thread added: 0x000001ed605adda0
Event: 0.026 Thread 0x000001ed3eae0720 Thread added: 0x000001ed6083f7f0
Event: 0.066 Thread 0x000001ed3eae0720 Thread added: 0x000001ed653aead0
Event: 0.067 Thread 0x000001ed3eae0720 Thread added: 0x000001ed65280650
Event: 0.067 Thread 0x000001ed3eae0720 Thread added: 0x000001ed653af470
Event: 0.117 Thread 0x000001ed3eae0720 Thread added: 0x000001ed653ee960
Event: 0.244 Thread 0x000001ed3eae0720 Thread exited: 0x000001ed3eae0720
Event: 0.244 Thread 0x000001ed3eae0720 Thread added: 0x000001ed3eae0720
Event: 3.070 Thread 0x000001ed653ee960 Thread added: 0x000001ed655c9ad0


Dynamic libraries:
0x00007ff67ebd0000 - 0x00007ff67ebe0000 	C:\Program Files\Java\jdk-25.0.2\bin\java.exe
0x00007fff8e1a0000 - 0x00007fff8e407000 	C:\WINDOWS\SYSTEM32\ntdll.dll
0x00007fff8d8a0000 - 0x00007fff8d969000 	C:\WINDOWS\System32\KERNEL32.DLL
0x00007fff8ac80000 - 0x00007fff8b077000 	C:\WINDOWS\System32\KERNELBASE.dll
0x00007fff8bdd0000 - 0x00007fff8bf1b000 	C:\WINDOWS\System32\ucrtbase.dll
0x00007fff83f20000 - 0x00007fff83f37000 	C:\Program Files\Java\jdk-25.0.2\bin\jli.dll
0x00007fff8cbc0000 - 0x00007fff8cd86000 	C:\WINDOWS\System32\USER32.dll
0x00007fff7e4f0000 - 0x00007fff7e50e000 	C:\Program Files\Java\jdk-25.0.2\bin\VCRUNTIME140.dll
0x00007fff8b140000 - 0x00007fff8b167000 	C:\WINDOWS\System32\win32u.dll
0x00007fff8d520000 - 0x00007fff8d54b000 	C:\WINDOWS\System32\GDI32.dll
0x00007fff71430000 - 0x00007fff716c2000 	C:\WINDOWS\WinSxS\amd64_microsoft.windows.common-controls_6595b64144ccf1df_6.0.26100.8457_none_3e0b2faee331e92d\COMCTL32.dll
0x00007fff8bca0000 - 0x00007fff8bdcc000 	C:\WINDOWS\System32\gdi32full.dll
0x00007fff8da70000 - 0x00007fff8db19000 	C:\WINDOWS\System32\msvcrt.dll
0x00007fff8bbf0000 - 0x00007fff8bc93000 	C:\WINDOWS\System32\msvcp_win.dll
0x00007fff8c400000 - 0x00007fff8c432000 	C:\WINDOWS\System32\IMM32.DLL
0x00007fff84b30000 - 0x00007fff84b3c000 	C:\Program Files\Java\jdk-25.0.2\bin\vcruntime140_1.dll
0x00007fff719e0000 - 0x00007fff71a6d000 	C:\Program Files\Java\jdk-25.0.2\bin\msvcp140.dll
0x00007fff0f4f0000 - 0x00007fff1034f000 	C:\Program Files\Java\jdk-25.0.2\bin\server\jvm.dll
0x00007fff8cd90000 - 0x00007fff8ce46000 	C:\WINDOWS\System32\ADVAPI32.dll
0x00007fff8ce50000 - 0x00007fff8cef7000 	C:\WINDOWS\System32\sechost.dll
0x00007fff8d220000 - 0x00007fff8d338000 	C:\WINDOWS\System32\RPCRT4.dll
0x00007fff8e040000 - 0x00007fff8e0c0000 	C:\WINDOWS\System32\WS2_32.dll
0x00007fff72740000 - 0x00007fff7274b000 	C:\WINDOWS\SYSTEM32\VERSION.dll
0x00007fff7f190000 - 0x00007fff7f1c6000 	C:\WINDOWS\SYSTEM32\WINMM.dll
0x00007fff8aa30000 - 0x00007fff8aa8e000 	C:\WINDOWS\SYSTEM32\POWRPROF.dll
0x00007fff8aa10000 - 0x00007fff8aa24000 	C:\WINDOWS\SYSTEM32\UMPDC.dll
0x00007fff89960000 - 0x00007fff8997b000 	C:\WINDOWS\SYSTEM32\kernel.appcore.dll
0x00007fff80860000 - 0x00007fff8086a000 	C:\Program Files\Java\jdk-25.0.2\bin\jimage.dll
0x00007fff88a20000 - 0x00007fff88c62000 	C:\WINDOWS\SYSTEM32\DBGHELP.DLL
0x00007fff8dba0000 - 0x00007fff8df23000 	C:\WINDOWS\System32\combase.dll
0x00007fff8d550000 - 0x00007fff8d629000 	C:\WINDOWS\System32\OLEAUT32.dll
0x00007fff75770000 - 0x00007fff757ab000 	C:\WINDOWS\SYSTEM32\dbgcore.DLL
0x00007fff8abd0000 - 0x00007fff8ac78000 	C:\WINDOWS\System32\bcryptPrimitives.dll
0x00007fff7e4d0000 - 0x00007fff7e4ef000 	C:\Program Files\Java\jdk-25.0.2\bin\java.dll
0x00007fff8cf00000 - 0x00007fff8d097000 	C:\WINDOWS\System32\ole32.dll
0x00007fff8c440000 - 0x00007fff8cbae000 	C:\WINDOWS\System32\SHELL32.dll
0x00007fff8b380000 - 0x00007fff8bbec000 	C:\WINDOWS\System32\windows.storage.dll
0x00007fff8d970000 - 0x00007fff8da66000 	C:\WINDOWS\System32\SHCORE.dll
0x00007fff8d340000 - 0x00007fff8d3a6000 	C:\WINDOWS\System32\shlwapi.dll
0x00007fff8aaf0000 - 0x00007fff8ab19000 	C:\WINDOWS\SYSTEM32\profapi.dll
0x00007fff2ad50000 - 0x00007fff2aed4000 	C:\Program Files\Java\jdk-25.0.2\bin\awt.dll
0x00007fff87cc0000 - 0x00007fff87d60000 	C:\WINDOWS\SYSTEM32\apphelp.dll
0x00007fff88460000 - 0x00007fff8848f000 	C:\WINDOWS\system32\DWMAPI.DLL
0x00007fff881a0000 - 0x00007fff8824a000 	C:\WINDOWS\system32\uxtheme.dll
0x00007fff36fa0000 - 0x00007fff370af000 	C:\WINDOWS\system32\opengl32.dll
0x00007fff745d0000 - 0x00007fff745fd000 	C:\WINDOWS\SYSTEM32\GLU32.dll
0x00007fff88280000 - 0x00007fff882c5000 	C:\WINDOWS\SYSTEM32\dxcore.dll
0x00007fff8d3b0000 - 0x00007fff8d50c000 	C:\WINDOWS\System32\MSCTF.dll
0x00007fff717e0000 - 0x00007fff71867000 	C:\Program Files\Java\jdk-25.0.2\bin\freetype.dll
0x00007fff2ac60000 - 0x00007fff2ad4e000 	C:\Program Files\Java\jdk-25.0.2\bin\fontmanager.dll
0x00007fff8df60000 - 0x00007fff8e00e000 	C:\WINDOWS\System32\clbcatq.dll
0x00007fff86560000 - 0x00007fff8678d000 	C:\WINDOWS\SYSTEM32\WindowsCodecs.dll
0x00007fff6d020000 - 0x00007fff6d07a000 	C:\WINDOWS\system32\dataexchange.dll
0x00007fff794f0000 - 0x00007fff7973e000 	C:\WINDOWS\system32\twinapi.appcore.dll
0x00007fff7af20000 - 0x00007fff7af32000 	C:\Program Files\Java\jdk-25.0.2\bin\net.dll
0x00007fff89ed0000 - 0x00007fff89f3c000 	C:\WINDOWS\system32\mswsock.dll
0x00007fff78130000 - 0x00007fff78146000 	C:\Program Files\Java\jdk-25.0.2\bin\nio.dll
0x00007fff7a680000 - 0x00007fff7a7c6000 	C:\WINDOWS\SYSTEM32\textinputframework.dll
0x00007fff87950000 - 0x00007fff87a77000 	C:\WINDOWS\SYSTEM32\CoreMessaging.dll
0x00007fff83780000 - 0x00007fff83a62000 	C:\WINDOWS\SYSTEM32\CoreUIComponents.dll
0x00007fff84090000 - 0x00007fff841fa000 	C:\WINDOWS\SYSTEM32\wintypes.dll
0x00007fff8a1d0000 - 0x00007fff8a1dc000 	C:\WINDOWS\SYSTEM32\CRYPTBASE.DLL

JVMTI agents: none

dbghelp: loaded successfully - version: 4.0.5 - missing functions: none
symbol engine: initialized successfully - sym options: 0x614 - pdb path: .;C:\Program Files\Java\jdk-25.0.2\bin;C:\WINDOWS\SYSTEM32;C:\WINDOWS\WinSxS\amd64_microsoft.windows.common-controls_6595b64144ccf1df_6.0.26100.8457_none_3e0b2faee331e92d;C:\Program Files\Java\jdk-25.0.2\bin\server

VM Arguments:
java_command: Main
java_class_path (initial): .
Launcher Type: SUN_STANDARD

[Global flags]
     intx CICompilerCount                          = 4                                         {product} {ergonomic}
     uint ConcGCThreads                            = 3                                         {product} {ergonomic}
     uint G1ConcRefinementThreads                  = 10                                        {product} {ergonomic}
   size_t G1HeapRegionSize                         = 2097152                                   {product} {ergonomic}
   size_t InitialHeapSize                          = 264241152                                 {product} {ergonomic}
   size_t MarkStackSize                            = 4194304                                   {product} {ergonomic}
   size_t MarkStackSizeMax                         = 536870912                                 {product} {ergonomic}
   size_t MaxHeapSize                              = 4198498304                                {product} {ergonomic}
   size_t MaxNewSize                               = 2518679552                                {product} {ergonomic}
   size_t MinHeapDeltaBytes                        = 2097152                                   {product} {ergonomic}
   size_t MinHeapSize                              = 8388608                                   {product} {ergonomic}
    uintx NonNMethodCodeHeapSize                   = 5832704                                {pd product} {ergonomic}
    uintx NonProfiledCodeHeapSize                  = 122945536                              {pd product} {ergonomic}
    uintx ProfiledCodeHeapSize                     = 122880000                              {pd product} {ergonomic}
    uintx ReservedCodeCacheSize                    = 251658240                              {pd product} {ergonomic}
     bool SegmentedCodeCache                       = true                                      {product} {ergonomic}
   size_t SoftMaxHeapSize                          = 4198498304                             {manageable} {ergonomic}
     bool UseCompressedOops                        = true                           {product lp64_product} {ergonomic}
     bool UseG1GC                                  = true                                      {product} {ergonomic}
     bool UseLargePagesIndividualAllocation        = false                                  {pd product} {ergonomic}

Logging:
Log output configuration:
 #0: stdout all=warning uptime,level,tags foldmultilines=false
 #1: stderr all=off uptime,level,tags foldmultilines=false

Release file:
IMPLEMENTOR="Oracle Corporation" 
JAVA_RUNTIME_VERSION="25.0.2+10-LTS-69" 
JAVA_VERSION="25.0.2" 
JAVA_VERSION_DATE="2026-01-20" 
LIBC="default" 
MODULES="java.base java.compiler java.datatransfer java.xml java.prefs java.desktop java.instrument java.logging java.management java.security.sasl java.naming java.rmi java.management.rmi java.net.http java.scripting java.security.jgss java.transaction.xa java.sql java.sql.rowset java.xml.crypto java.se java.smartcardio jdk.accessibility jdk.internal.jvmstat jdk.attach jdk.charsets jdk.internal.opt jdk.zipfs jdk.compiler jdk.crypto.cryptoki jdk.crypto.ec jdk.crypto.mscapi jdk.dynalink jdk.internal.ed jdk.editpad jdk.internal.vm.ci jdk.graal.compiler jdk.graal.compiler.management jdk.hotspot.agent jdk.httpserver jdk.incubator.vector jdk.internal.le jdk.internal.md jdk.jartool jdk.javadoc jdk.jcmd jdk.management jdk.management.agent jdk.jconsole jdk.jdeps jdk.jdwp.agent jdk.jdi jdk.jfr jdk.jlink jdk.jpackage jdk.jshell jdk.jsobject jdk.jstatd jdk.localedata jdk.management.jfr jdk.naming.dns jdk.naming.rmi jdk.net jdk.nio.mapmode jdk.sctp jdk.security.auth jdk.security.jgss jdk.unsupported jdk.unsupported.desktop jdk.xml.dom" 
OS_ARCH="x86_64" 
OS_NAME="Windows" 
SOURCE=".:git:b75efb40c93a open:git:405a5699ebd0" 

Environment Variables:
PATH=C:\Program Files\Common Files\Oracle\Java\javapath;C:\Program Files (x86)\Common Files\Oracle\Java\javapath;C:\Program Files (x86)\NVIDIA Corporation\PhysX\Common;C:\WINDOWS\system32;C:\WINDOWS;C:\WINDOWS\System32\Wbem;C:\WINDOWS\System32\WindowsPowerShell\v1.0\;C:\WINDOWS\System32\OpenSSH\;C:\Program Files\dotnet\;C:\Program Files\Git\cmd;C:\Users\Teixeira\flutter\bin;C:\Users\Teixeira\AppData\Local\Microsoft\WindowsApps;C:\Users\Teixeira\AppData\Local\Programs\Microsoft VS Code\bin;C:\Users\Teixeira\AppData\Local\Python\bin;
USERNAME=Teixeira
LANG=en_US.UTF-8
OS=Windows_NT
PROCESSOR_IDENTIFIER=Intel64 Family 6 Model 186 Stepping 3, GenuineIntel
TMP=C:\Users\Teixeira\AppData\Local\Temp
TEMP=C:\Users\Teixeira\AppData\Local\Temp




Compilation memory statistics disabled.

Periodic native trim disabled

---------------  S Y S T E M  ---------------

OS:
 Windows 11 , 64 bit Build 26100 (10.0.26100.8328)
OS uptime: 10 days 6:13 hours
Hyper-V role detected

CPU: total 12 (initial active 12) (6 cores per cpu, 2 threads per core) family 6 model 186 stepping 3 microcode 0x4124, cx8, cmov, fxsr, ht, mmx, 3dnowpref, sse, sse2, sse3, ssse3, sse4.1, sse4.2, popcnt, lzcnt, tsc, tscinvbit, avx, avx2, aes, erms, clmul, bmi1, bmi2, adx, sha, fma, vzeroupper, clflush, clflushopt, clwb, hv, serialize, rdtscp, rdpid, fsrm, gfni, f16c, cet_ibt, cet_ss
Processor Information for processor 0
  Max Mhz: 1300, Current Mhz: 1300, Mhz Limit: 1300
Processor Information for processor 1
  Max Mhz: 1300, Current Mhz: 1300, Mhz Limit: 1300
Processor Information for processor 2
  Max Mhz: 1300, Current Mhz: 1300, Mhz Limit: 1300
Processor Information for processor 3
  Max Mhz: 1300, Current Mhz: 1300, Mhz Limit: 1300
Processor Information for processor 4
  Max Mhz: 1300, Current Mhz: 900, Mhz Limit: 897
Processor Information for processor 5
  Max Mhz: 1300, Current Mhz: 900, Mhz Limit: 897
Processor Information for processor 6
  Max Mhz: 1300, Current Mhz: 900, Mhz Limit: 897
Processor Information for processor 7
  Max Mhz: 1300, Current Mhz: 900, Mhz Limit: 897
Processor Information for processor 8
  Max Mhz: 1300, Current Mhz: 900, Mhz Limit: 897
Processor Information for processor 9
  Max Mhz: 1300, Current Mhz: 900, Mhz Limit: 897
Processor Information for processor 10
  Max Mhz: 1300, Current Mhz: 900, Mhz Limit: 897
Processor Information for processor 11
  Max Mhz: 1300, Current Mhz: 900, Mhz Limit: 897

Memory: 4k page, system-wide physical 16009M (6788M free)
TotalPageFile size 24201M (AvailPageFile size 12117M)
current process WorkingSet (physical memory assigned to process): 82M, peak: 86M
current process commit charge ("private bytes"): 362M, peak: 369M

vm_info: Java HotSpot(TM) 64-Bit Server VM (25.0.2+10-LTS-69) for windows-amd64 JRE (25.0.2+10-LTS-69), built on 2025-12-18T11:36:35Z with MS VC++ 17.13 (VS2022)

END.
